--
-- PostgreSQL database dump
--

-- Dumped from database version 15.3 (Debian 15.3-1.pgdg120+1)
-- Dumped by pg_dump version 15.3 (Debian 15.3-1.pgdg120+1)

SET statement_timeout = 0;
SET lock_timeout = 0;
SET idle_in_transaction_session_timeout = 0;
SET client_encoding = 'UTF8';
SET standard_conforming_strings = on;
SELECT pg_catalog.set_config('search_path', '', false);
SET check_function_bodies = false;
SET xmloption = content;
SET client_min_messages = warning;
SET row_security = off;

SET default_tablespace = '';

SET default_table_access_method = heap;

--
-- Name: Agencias; Type: TABLE; Schema: public; Owner: SEVGomez
--

CREATE TABLE public."Agencias" (
    "ID" integer NOT NULL,
    "Direccion" text NOT NULL,
    "RegionID" integer NOT NULL,
    "Telefono" text NOT NULL,
    "HorarioLunesViernes" text NOT NULL,
    "HorarioSabado" text NOT NULL,
    "HorarioDomingo" text NOT NULL,
    "Latitud" text NOT NULL,
    "Longitud" text NOT NULL,
    "Estado" boolean NOT NULL,
    "Eliminado" boolean NOT NULL
);


ALTER TABLE public."Agencias" OWNER TO "SEVGomez";

--
-- Name: Agencia_ID_seq; Type: SEQUENCE; Schema: public; Owner: SEVGomez
--

ALTER TABLE public."Agencias" ALTER COLUMN "ID" ADD GENERATED BY DEFAULT AS IDENTITY (
    SEQUENCE NAME public."Agencia_ID_seq"
    START WITH 1
    INCREMENT BY 1
    NO MINVALUE
    NO MAXVALUE
    CACHE 1
);


--
-- Name: Casos; Type: TABLE; Schema: public; Owner: SEVGomez
--

CREATE TABLE public."Casos" (
    "ID" integer NOT NULL,
    "ClienteID" integer NOT NULL,
    "CodigoSeguimiento" text NOT NULL,
    "Observacion" text NOT NULL,
    "Cerrado" boolean NOT NULL,
    "CategoriaID" integer NOT NULL,
    "FechaCreacion" timestamp with time zone NOT NULL
);


ALTER TABLE public."Casos" OWNER TO "SEVGomez";

--
-- Name: Caso_ID_seq; Type: SEQUENCE; Schema: public; Owner: SEVGomez
--

ALTER TABLE public."Casos" ALTER COLUMN "ID" ADD GENERATED BY DEFAULT AS IDENTITY (
    SEQUENCE NAME public."Caso_ID_seq"
    START WITH 1
    INCREMENT BY 1
    NO MINVALUE
    NO MAXVALUE
    CACHE 1
);


--
-- Name: Categorias; Type: TABLE; Schema: public; Owner: SEVGomez
--

CREATE TABLE public."Categorias" (
    "ID" integer NOT NULL,
    "Nombre" text NOT NULL
);


ALTER TABLE public."Categorias" OWNER TO "SEVGomez";

--
-- Name: Categoria_ID_seq; Type: SEQUENCE; Schema: public; Owner: SEVGomez
--

ALTER TABLE public."Categorias" ALTER COLUMN "ID" ADD GENERATED BY DEFAULT AS IDENTITY (
    SEQUENCE NAME public."Categoria_ID_seq"
    START WITH 1
    INCREMENT BY 1
    NO MINVALUE
    NO MAXVALUE
    CACHE 1
);


--
-- Name: Clientes; Type: TABLE; Schema: public; Owner: SEVGomez
--

CREATE TABLE public."Clientes" (
    "ID" integer NOT NULL,
    "Documento" text NOT NULL,
    "Nombre" text NOT NULL,
    "Apellido" text NOT NULL,
    "GeneroID" integer NOT NULL,
    "FechaNacimiento" timestamp with time zone NOT NULL,
    "Correo" text NOT NULL,
    "Telefono" text NOT NULL,
    "Direccion" text NOT NULL,
    "RegionID" integer NOT NULL,
    "Ocupacion" text NOT NULL,
    "EstadoCivilID" integer NOT NULL,
    "Latitud" text NOT NULL,
    "Longitud" text NOT NULL,
    "FechaCreacion" timestamp with time zone NOT NULL,
    "UsuarioCreacion" text NOT NULL,
    "Estado" boolean NOT NULL,
    "Eliminado" boolean NOT NULL
);


ALTER TABLE public."Clientes" OWNER TO "SEVGomez";

--
-- Name: Cliente_ID_seq; Type: SEQUENCE; Schema: public; Owner: SEVGomez
--

ALTER TABLE public."Clientes" ALTER COLUMN "ID" ADD GENERATED BY DEFAULT AS IDENTITY (
    SEQUENCE NAME public."Cliente_ID_seq"
    START WITH 1
    INCREMENT BY 1
    NO MINVALUE
    NO MAXVALUE
    CACHE 1
);


--
-- Name: EstadoCivil; Type: TABLE; Schema: public; Owner: SEVGomez
--

CREATE TABLE public."EstadoCivil" (
    "ID" integer NOT NULL,
    "Nombre" text NOT NULL
);


ALTER TABLE public."EstadoCivil" OWNER TO "SEVGomez";

--
-- Name: EstadoCivil_ID_seq; Type: SEQUENCE; Schema: public; Owner: SEVGomez
--

ALTER TABLE public."EstadoCivil" ALTER COLUMN "ID" ADD GENERATED BY DEFAULT AS IDENTITY (
    SEQUENCE NAME public."EstadoCivil_ID_seq"
    START WITH 1
    INCREMENT BY 1
    NO MINVALUE
    NO MAXVALUE
    CACHE 1
);


--
-- Name: EstadoVisitas; Type: TABLE; Schema: public; Owner: SEVGomez
--

CREATE TABLE public."EstadoVisitas" (
    "ID" integer NOT NULL,
    "Nombre" text NOT NULL
);


ALTER TABLE public."EstadoVisitas" OWNER TO "SEVGomez";

--
-- Name: EstadoVisita_ID_seq; Type: SEQUENCE; Schema: public; Owner: SEVGomez
--

ALTER TABLE public."EstadoVisitas" ALTER COLUMN "ID" ADD GENERATED BY DEFAULT AS IDENTITY (
    SEQUENCE NAME public."EstadoVisita_ID_seq"
    START WITH 1
    INCREMENT BY 1
    NO MINVALUE
    NO MAXVALUE
    CACHE 1
);


--
-- Name: Funcionalidades; Type: TABLE; Schema: public; Owner: SEVGomez
--

CREATE TABLE public."Funcionalidades" (
    "ID" integer NOT NULL,
    "Nombre" text NOT NULL,
    "Icono" text NOT NULL,
    "Ruta" text NOT NULL,
    "PadreID" integer
);


ALTER TABLE public."Funcionalidades" OWNER TO "SEVGomez";

--
-- Name: Funcionalidades_ID_seq; Type: SEQUENCE; Schema: public; Owner: SEVGomez
--

ALTER TABLE public."Funcionalidades" ALTER COLUMN "ID" ADD GENERATED BY DEFAULT AS IDENTITY (
    SEQUENCE NAME public."Funcionalidades_ID_seq"
    START WITH 1
    INCREMENT BY 1
    NO MINVALUE
    NO MAXVALUE
    CACHE 1
);


--
-- Name: Generos; Type: TABLE; Schema: public; Owner: SEVGomez
--

CREATE TABLE public."Generos" (
    "ID" integer NOT NULL,
    "Nombre" text NOT NULL
);


ALTER TABLE public."Generos" OWNER TO "SEVGomez";

--
-- Name: Genero_ID_seq; Type: SEQUENCE; Schema: public; Owner: SEVGomez
--

ALTER TABLE public."Generos" ALTER COLUMN "ID" ADD GENERATED BY DEFAULT AS IDENTITY (
    SEQUENCE NAME public."Genero_ID_seq"
    START WITH 1
    INCREMENT BY 1
    NO MINVALUE
    NO MAXVALUE
    CACHE 1
);


--
-- Name: Regiones; Type: TABLE; Schema: public; Owner: SEVGomez
--

CREATE TABLE public."Regiones" (
    "ID" integer NOT NULL,
    "TipoRegionID" integer NOT NULL,
    "Nombre" text NOT NULL,
    "PadreID" integer
);


ALTER TABLE public."Regiones" OWNER TO "SEVGomez";

--
-- Name: Region_ID_seq; Type: SEQUENCE; Schema: public; Owner: SEVGomez
--

ALTER TABLE public."Regiones" ALTER COLUMN "ID" ADD GENERATED BY DEFAULT AS IDENTITY (
    SEQUENCE NAME public."Region_ID_seq"
    START WITH 1
    INCREMENT BY 1
    NO MINVALUE
    NO MAXVALUE
    CACHE 1
);


--
-- Name: RolFuncionalidades; Type: TABLE; Schema: public; Owner: SEVGomez
--

CREATE TABLE public."RolFuncionalidades" (
    "ID" integer NOT NULL,
    "RolID" integer NOT NULL,
    "FuncionalidadID" integer NOT NULL
);


ALTER TABLE public."RolFuncionalidades" OWNER TO "SEVGomez";

--
-- Name: RolFuncionalidades_ID_seq; Type: SEQUENCE; Schema: public; Owner: SEVGomez
--

ALTER TABLE public."RolFuncionalidades" ALTER COLUMN "ID" ADD GENERATED BY DEFAULT AS IDENTITY (
    SEQUENCE NAME public."RolFuncionalidades_ID_seq"
    START WITH 1
    INCREMENT BY 1
    NO MINVALUE
    NO MAXVALUE
    CACHE 1
);


--
-- Name: Roles; Type: TABLE; Schema: public; Owner: SEVGomez
--

CREATE TABLE public."Roles" (
    "ID" integer NOT NULL,
    "Nombre" text NOT NULL
);


ALTER TABLE public."Roles" OWNER TO "SEVGomez";

--
-- Name: Roles_ID_seq; Type: SEQUENCE; Schema: public; Owner: SEVGomez
--

ALTER TABLE public."Roles" ALTER COLUMN "ID" ADD GENERATED BY DEFAULT AS IDENTITY (
    SEQUENCE NAME public."Roles_ID_seq"
    START WITH 1
    INCREMENT BY 1
    NO MINVALUE
    NO MAXVALUE
    CACHE 1
);


--
-- Name: TipoRegiones; Type: TABLE; Schema: public; Owner: SEVGomez
--

CREATE TABLE public."TipoRegiones" (
    "ID" integer NOT NULL,
    "Nombre" text NOT NULL
);


ALTER TABLE public."TipoRegiones" OWNER TO "SEVGomez";

--
-- Name: TipoRegion_ID_seq; Type: SEQUENCE; Schema: public; Owner: SEVGomez
--

ALTER TABLE public."TipoRegiones" ALTER COLUMN "ID" ADD GENERATED BY DEFAULT AS IDENTITY (
    SEQUENCE NAME public."TipoRegion_ID_seq"
    START WITH 1
    INCREMENT BY 1
    NO MINVALUE
    NO MAXVALUE
    CACHE 1
);


--
-- Name: Usuarios; Type: TABLE; Schema: public; Owner: SEVGomez
--

CREATE TABLE public."Usuarios" (
    "ID" integer NOT NULL,
    "Usuario" text NOT NULL,
    "Nombre" text NOT NULL,
    "Correo" text NOT NULL,
    "Contrasenia" text NOT NULL,
    "FotoPerfil" text NOT NULL,
    "FechaCreacion" timestamp with time zone NOT NULL,
    "RolID" integer NOT NULL,
    "Estado" boolean NOT NULL,
    "Eliminado" boolean NOT NULL,
    "AgenciaID" integer DEFAULT 0 NOT NULL
);


ALTER TABLE public."Usuarios" OWNER TO "SEVGomez";

--
-- Name: Usuarios_ID_seq; Type: SEQUENCE; Schema: public; Owner: SEVGomez
--

ALTER TABLE public."Usuarios" ALTER COLUMN "ID" ADD GENERATED BY DEFAULT AS IDENTITY (
    SEQUENCE NAME public."Usuarios_ID_seq"
    START WITH 1
    INCREMENT BY 1
    NO MINVALUE
    NO MAXVALUE
    CACHE 1
);


--
-- Name: VisitaTareas; Type: TABLE; Schema: public; Owner: SEVGomez
--

CREATE TABLE public."VisitaTareas" (
    "ID" integer NOT NULL,
    "VisitaID" integer NOT NULL,
    "Descripcion" text NOT NULL
);


ALTER TABLE public."VisitaTareas" OWNER TO "SEVGomez";

--
-- Name: VisitaTarea_ID_seq; Type: SEQUENCE; Schema: public; Owner: SEVGomez
--

ALTER TABLE public."VisitaTareas" ALTER COLUMN "ID" ADD GENERATED BY DEFAULT AS IDENTITY (
    SEQUENCE NAME public."VisitaTarea_ID_seq"
    START WITH 1
    INCREMENT BY 1
    NO MINVALUE
    NO MAXVALUE
    CACHE 1
);


--
-- Name: Visitas; Type: TABLE; Schema: public; Owner: SEVGomez
--

CREATE TABLE public."Visitas" (
    "ID" integer NOT NULL,
    "UsuarioID" integer NOT NULL,
    "CasoID" integer NOT NULL,
    "FechaVisita" timestamp with time zone NOT NULL,
    "FechaHoraInicio" timestamp with time zone NOT NULL,
    "FechaHoraFin" timestamp with time zone NOT NULL,
    "Latitud" text NOT NULL,
    "Longitud" text NOT NULL,
    "EstadoVisitaID" integer NOT NULL,
    "FechaCreacion" timestamp with time zone NOT NULL,
    "UsuarioCreacion" text NOT NULL,
    "Eliminado" boolean NOT NULL
);


ALTER TABLE public."Visitas" OWNER TO "SEVGomez";

--
-- Name: Visita_ID_seq; Type: SEQUENCE; Schema: public; Owner: SEVGomez
--

ALTER TABLE public."Visitas" ALTER COLUMN "ID" ADD GENERATED BY DEFAULT AS IDENTITY (
    SEQUENCE NAME public."Visita_ID_seq"
    START WITH 1
    INCREMENT BY 1
    NO MINVALUE
    NO MAXVALUE
    CACHE 1
);


--
-- Name: __EFMigrationsHistory; Type: TABLE; Schema: public; Owner: SEVGomez
--

CREATE TABLE public."__EFMigrationsHistory" (
    "MigrationId" character varying(150) NOT NULL,
    "ProductVersion" character varying(32) NOT NULL
);


ALTER TABLE public."__EFMigrationsHistory" OWNER TO "SEVGomez";

--
-- Data for Name: Agencias; Type: TABLE DATA; Schema: public; Owner: SEVGomez
--

COPY public."Agencias" ("ID", "Direccion", "RegionID", "Telefono", "HorarioLunesViernes", "HorarioSabado", "HorarioDomingo", "Latitud", "Longitud", "Estado", "Eliminado") FROM stdin;
2	Zona Cero	270	22458545	8:00-17:00	8:00-13:00	8:00-12:00	15.10677501959598	-90.31550660853186	t	f
1	Zona Centro	271	45456565	8:00-17:00	8:00-16:00	8:00-13:00	15.10677501959598	-90.31550660853186	t	f
\.


--
-- Data for Name: Casos; Type: TABLE DATA; Schema: public; Owner: SEVGomez
--

COPY public."Casos" ("ID", "ClienteID", "CodigoSeguimiento", "Observacion", "Cerrado", "CategoriaID", "FechaCreacion") FROM stdin;
2	2	cc320003-73f2-4bed-9c48-26c20f95109d	Servicio técnico urgente	t	2	2023-08-20 20:02:30.425254+00
16	2	6aa9f97e-e3fb-43f4-a964-2ac79c3ac1ea	demostración	t	2	2023-09-25 21:41:58.140693+00
17	3	0095be29-4049-4544-8824-6093f4a12ff1	Ninguna	t	3	2023-09-26 18:50:48.595495+00
\.


--
-- Data for Name: Categorias; Type: TABLE DATA; Schema: public; Owner: SEVGomez
--

COPY public."Categorias" ("ID", "Nombre") FROM stdin;
1	Problema Técnico
2	Queja de Servicio
3	Actualización de Servicio
4	Reconexión de Servicio
\.


--
-- Data for Name: Clientes; Type: TABLE DATA; Schema: public; Owner: SEVGomez
--

COPY public."Clientes" ("ID", "Documento", "Nombre", "Apellido", "GeneroID", "FechaNacimiento", "Correo", "Telefono", "Direccion", "RegionID", "Ocupacion", "EstadoCivilID", "Latitud", "Longitud", "FechaCreacion", "UsuarioCreacion", "Estado", "Eliminado") FROM stdin;
1	2218152131510	Brandon	Alexander	1	2000-08-20 00:00:00+00	brandoncorazon@gmail.com	45654565	Ciudad	271	Administrador	1	15.10677501959598	-90.31550660853186	2023-08-20 17:16:24.41788+00		t	f
2	2218152131501	Alexander	Cahuec Corazón	1	2002-08-19 00:00:00+00	brandon.cahuec@gmail.com	25456545	Ciudad	276	Administrador	1	15.086140747601064	-90.49128785853186	2023-08-20 17:50:02.992755+00	SEVGomez	t	f
3	4695464456445	Pruebas	Testing	1	1996-10-10 00:00:00+00	testing@gmail.com	73827348	Ciudad Central	182	Ninguna	2	14.607682383173282	-91.6055418563346	2023-09-25 22:44:33.0695+00	SEVGomez	t	f
\.


--
-- Data for Name: EstadoCivil; Type: TABLE DATA; Schema: public; Owner: SEVGomez
--

COPY public."EstadoCivil" ("ID", "Nombre") FROM stdin;
1	Solter@
2	Casad@
3	Viud@
4	Divorciad@
\.


--
-- Data for Name: EstadoVisitas; Type: TABLE DATA; Schema: public; Owner: SEVGomez
--

COPY public."EstadoVisitas" ("ID", "Nombre") FROM stdin;
1	Asignada
2	Iniciada
3	En Proceso
4	Finalizada
5	Cancelada
\.


--
-- Data for Name: Funcionalidades; Type: TABLE DATA; Schema: public; Owner: SEVGomez
--

COPY public."Funcionalidades" ("ID", "Nombre", "Icono", "Ruta", "PadreID") FROM stdin;
2	Clientes	fa fa-user	/Clientes	\N
3	Usuarios	fa fa-user	/Usuarios	\N
4	Agencias	fa fa-user	/Agencias	\N
6	Administrar	fa fa-user	/Casos	5
5	Casos	fa fa-user	#	\N
9	Cerrar Sesión	fa fa-user	/Login/CerrarSesion	\N
8	Seguimiento de Visitas	fa fa-user	/Casos/Seguimiento	5
7	Registrar Caso	fa fa-user	/Casos/Registro	5
\.


--
-- Data for Name: Generos; Type: TABLE DATA; Schema: public; Owner: SEVGomez
--

COPY public."Generos" ("ID", "Nombre") FROM stdin;
1	Masculino
2	Femenino
\.


--
-- Data for Name: Regiones; Type: TABLE DATA; Schema: public; Owner: SEVGomez
--

COPY public."Regiones" ("ID", "TipoRegionID", "Nombre", "PadreID") FROM stdin;
1	1	Guatemala	\N
2	1	El Progreso	\N
3	1	Sacatepéquez	\N
4	1	Chimaltenango	\N
5	1	Escuintla	\N
6	1	Santa Rosa	\N
7	1	Sololá	\N
8	1	Totonicapán	\N
9	1	Quetzaltenango	\N
10	1	Suchitepéquez	\N
11	1	Retalhuleu	\N
12	1	San Marcos	\N
13	1	Huehuetenango	\N
14	1	Quiché	\N
15	1	Baja Verapaz	\N
16	1	Alta Verapaz	\N
17	1	Petén	\N
18	1	Izabal	\N
19	1	Zacapa	\N
20	1	Chiquimula	\N
21	1	Jalapa	\N
22	1	Jutiapa	\N
23	2	Guatemala	1
24	2	Santa Catarina Pinula	1
25	2	San José Pinula	1
26	2	San José del Golfo	1
27	2	Palencia	1
28	2	Chinautla	1
29	2	San Pedro Ayampuc	1
30	2	Mixco	1
31	2	San Pedro Sacatepéquez	1
32	2	San Juan Sacatepéquez	1
33	2	San Raymundo	1
34	2	Chuarrancho	1
35	2	Fraijanes	1
36	2	Amatitlán	1
37	2	Villa Nueva	1
38	2	Villa Canales	1
39	2	Petapa	1
40	2	Guastatoya	2
41	2	Morazán	2
42	2	San Agustín Acasaguastlán	2
43	2	San Cristóbal Acasaguastlán	2
44	2	El Jícaro	2
45	2	Sansare	2
46	2	Sanarate	2
47	2	San Antonio la Paz	2
48	2	Antigua Guatemala	3
49	2	Jocotenango	3
50	2	Pastores	3
51	2	Sumpango	3
52	2	Santo Domingo Xenacoj	3
53	2	Santiago Sacatepéquez	3
54	2	San Bartolomé Milpas Altas	3
55	2	San Lucas Sacatepéquez	3
56	2	Santa Lucía Milpas Altas	3
57	2	Magdalena Milpas Altas	3
58	2	Santa María de Jesús	3
59	2	Ciudad Vieja	3
60	2	San Miguel Dueñas	3
61	2	Alotenango	3
62	2	San Antonio Aguas Calientes	3
63	2	Santa Catarina Barahona	3
64	2	Chimaltenango	4
65	2	San José Poaquil	4
66	2	San Martín Jilotepeque	4
67	2	Comalapa	4
68	2	Santa Apolonia	4
69	2	Tecpán Guatemala	4
70	2	Patzún	4
71	2	Pochuta	4
72	2	Patzicía	4
73	2	Santa Cruz Balanyá	4
74	2	Acatenango	4
75	2	Yepocapa	4
76	2	San Andrés Itzapa	4
77	2	Parramos	4
78	2	Zaragoza	4
79	2	El Tejar	4
80	2	Escuintla	5
81	2	Santa Lucía Cotzumalguapa	5
82	2	La Democracia	5
83	2	Siquinalá	5
84	2	Masagua	5
85	2	Tiquisate	5
86	2	La Gomera	5
87	2	Guanagazapa	5
88	2	San José	5
89	2	Iztapa	5
90	2	Palín	5
91	2	San Vicente Pacaya	5
92	2	Nueva Concepción	5
93	2	Cuilapa	6
94	2	Barberena	6
95	2	Santa Rosa de Lima	6
96	2	Casillas	6
97	2	San Rafael las Flores	6
98	2	Oratorio	6
99	2	San Juan Tecuaco	6
100	2	Chiquimulilla	6
101	2	Taxisco	6
102	2	Santa María Ixhuatán	6
103	2	Guazacapán	6
104	2	Santa Cruz Naranjo	6
105	2	Pueblo Nuevo Viñas	6
106	2	Nueva Santa Rosa	6
107	2	Sololá	7
108	2	San José Chacayá	7
109	2	Santa María Visitación	7
110	2	Santa Lucía Utatlán	7
111	2	Nahualá	7
112	2	Santa Catarina Ixtahuacán	7
113	2	Santa Clara la Laguna	7
114	2	Concepción	7
115	2	San Andrés Semetabaj	7
116	2	Panajachel	7
117	2	Santa Catarina Palopó	7
118	2	San Antonio Palopó	7
119	2	San Lucas Tolimán	7
120	2	Santa Cruz la Laguna	7
121	2	San Pablo la Laguna	7
122	2	San Marcos la Laguna	7
123	2	San Juan la Laguna	7
124	2	San Pedro la Laguna	7
125	2	Santiago Atitlán	7
126	2	Totonicapán	8
127	2	San Cristóbal Totonicapán	8
128	2	San Francisco el Alto	8
129	2	San Andrés Xecul	8
130	2	Momostenango	8
131	2	Santa María Chiquimula	8
132	2	Santa Lucía la Reforma	8
133	2	San Bartolo	8
134	2	Quetzaltenango	9
135	2	Salcajá	9
136	2	Olintepeque	9
137	2	San Carlos Sija	9
138	2	Sibilia	9
139	2	Cabricán	9
140	2	Cajolá	9
141	2	San Miguel Siguilá	9
142	2	Ostuncalco	9
143	2	San Mateo	9
144	2	Concepción Chiquirichapa	9
145	2	San Martín Sacatepéquez	9
146	2	Almolonga	9
147	2	Cantel	9
148	2	Huitán	9
149	2	Zunil	9
150	2	Colomba	9
151	2	San Francisco la Unión	9
152	2	El Palmar	9
153	2	Coatepeque	9
154	2	Génova	9
155	2	Flores Costa Cuca	9
156	2	La Esperanza	9
157	2	Palestina de los Altos	9
158	2	Mazatenango	10
159	2	Cuyotenango	10
160	2	San Francisco Zapotitlán	10
161	2	San Bernardino	10
162	2	San José el Idolo	10
163	2	Santo Domingo Suchitepéquez	10
164	2	San Lorenzo	10
165	2	Samayac	10
166	2	San Pablo Jocopilas	10
167	2	San Antonio Suchitepéquez	10
168	2	San Miguel Panán	10
169	2	San Gabriel	10
170	2	Chicacao	10
171	2	Patulul	10
172	2	Santa Bárbara	10
173	2	San Juan Bautista	10
174	2	Santo Tomás la Unión	10
175	2	Zunilito	10
176	2	Pueblo Nuevo	10
177	2	Río Bravo	10
178	2	San José La Máquina	10
179	2	Retalhuleu	11
180	2	San Sebastián	11
181	2	Santa Cruz Muluá	11
182	2	San Martín Zapotitlán	11
183	2	San Felipe	11
184	2	San Andrés Villa Seca	11
185	2	Champerico	11
186	2	Nuevo San Carlos	11
187	2	El Asintal	11
189	2	San Pedro Sacatepéquez	12
190	2	San Antonio Sacatepéquez	12
191	2	Comitancillo	12
193	2	Concepción Tutuapa	12
194	2	Tacaná	12
195	2	Sibinal	12
196	2	Tajumulco	12
197	2	Tejutla	12
198	2	San Rafael Pié de la Cuesta	12
199	2	Nuevo Progreso	12
200	2	El Tumbador	12
202	2	Malacatán	12
203	2	Catarina	12
204	2	Ayutla	12
205	2	Ocós	12
206	2	San Pablo	12
207	2	El Quetzal	12
208	2	La Reforma	12
209	2	Pajapita	12
211	2	San José Ojetenán	12
212	2	San Cristóbal Cucho	12
213	2	Sipacapa	12
214	2	Esquipulas Palo Gordo	12
215	2	Río Blanco	12
216	2	San Lorenzo	12
217	2	La Blanca	12
219	2	Chiantla	13
220	2	Malacatancito	13
221	2	Cuilco	13
222	2	Nentón	13
223	2	San Pedro Necta	13
225	2	Soloma	13
226	2	Ixtahuacán	13
227	2	Santa Bárbara	13
228	2	La Libertad	13
229	2	La Democracia	13
231	2	San Rafael la Independencia	13
232	2	Todos Santos Cuchumatán	13
233	2	San Juan Atitán	13
234	2	Santa Eulalia	13
235	2	San Mateo Ixtatán	13
236	2	Colotenango	13
237	2	San Sebastián Huehuetenango	13
238	2	Tectitán	13
239	2	Concepción Huista	13
241	2	San Antonio Huista	13
242	2	San Sebastián Coatán	13
243	2	Barillas	13
244	2	Aguacatán	13
245	2	San Rafael Petzal	13
246	2	San Gaspar Ixchil	13
247	2	Santiago Chimaltenango	13
248	2	Santa Ana Huista	13
250	2	Santa Cruz del Quiché	14
251	2	Chiché	14
252	2	Chinique	14
253	2	Zacualpa	14
254	2	Chajul	14
255	2	Chichicastenango	14
256	2	Patzité	14
258	2	San Pedro Jocopilas	14
259	2	Cunén	14
260	2	San Juan Cotzal	14
261	2	Joyabaj	14
262	2	Nebaj	14
264	2	Uspantán	14
265	2	Sacapulas	14
266	2	San Bartolomé Jocotenango	14
267	2	Canillá	14
268	2	Chicamán	14
269	2	Ixcán	14
270	2	Pachalum	14
271	2	Salamá	15
272	2	San Miguel Chicaj	15
273	2	Rabinal	15
275	2	Granados	15
276	2	El Chol	15
277	2	San Jerónimo	15
278	2	Purulhá	15
279	2	Cobán	16
281	2	San Cristóbal Verapaz	16
282	2	Tactic	16
283	2	Tamahú	16
284	2	Tucurú	16
285	2	Panzós	16
287	2	San Pedro Carchá	16
288	2	San Juan Chamelco	16
289	2	Lanquín	16
290	2	Cahabón	16
291	2	Chisec	16
292	2	Chahal	16
188	2	San Marcos	12
192	2	San Miguel Ixtahuacán	12
201	2	El Rodeo	12
210	2	Ixchiguán	12
218	2	Huehuetenango	13
224	2	Jacaltenango	13
230	2	San Miguel Acatán	13
240	2	San Juan Ixcoy	13
249	2	Unión Cantinil	13
257	2	San Antonio Ilotenango	14
263	2	San Andrés Sajcabajá	14
274	2	Cubulco	15
280	2	Santa Cruz Verapaz	16
286	2	Senahú	16
293	2	Fray Bartolomé de las Casas	16
294	2	Santa Catalina la Tinta	16
295	2	Raxruhá	16
296	2	Flores	17
297	2	San José	17
298	2	San Benito	17
299	2	San Andrés	17
300	2	La Libertad	17
301	2	San Francisco	17
302	2	Santa Ana	17
303	2	Dolores	17
304	2	San Luis	17
305	2	Sayaxché	17
306	2	Melchor de Mencos	17
307	2	Poptún	17
308	2	Las Cruces	17
309	2	El Chal	17
310	2	Puerto Barrios	18
311	2	Livingston	18
312	2	El Estor	18
313	2	Morales	18
314	2	Los Amates	18
315	2	Zacapa	19
316	2	Estanzuela	19
317	2	Río Hondo	19
318	2	Gualán	19
319	2	Teculután	19
320	2	Usumatlán	19
321	2	Cabañas	19
322	2	San Diego	19
323	2	La Unión	19
324	2	Huité	19
325	2	San Jorge	19
326	2	Chiquimula	20
327	2	San José La Arada	20
328	2	San Juan Ermita	20
329	2	Jocotán	20
330	2	Camotán	20
331	2	Olopa	20
332	2	Esquipulas	20
333	2	Concepción Las Minas	20
334	2	Quetzaltepeque	20
335	2	San Jacinto	20
336	2	Ipala	20
337	2	Jalapa	21
338	2	San Pedro Pinula	21
339	2	San Luis Jilotepeque	21
340	2	San Manuel Chaparrón	21
341	2	San Carlos Alzatate	21
342	2	Monjas	21
343	2	Mataquescuintla	21
344	2	Jutiapa	22
345	2	El Progreso	22
346	2	Santa Catarina Mita	22
347	2	Agua Blanca	22
348	2	Asunción Mita	22
349	2	Yupiltepeque	22
350	2	Atescatempa	22
351	2	Jerez	22
352	2	El Adelanto	22
353	2	Zapotitlán	22
354	2	Comapa	22
355	2	Jalpatagua	22
356	2	Conguaco	22
357	2	Moyuta	22
358	2	Pasaco	22
359	2	San José Acatempa	22
360	2	Quesada	22
\.


--
-- Data for Name: RolFuncionalidades; Type: TABLE DATA; Schema: public; Owner: SEVGomez
--

COPY public."RolFuncionalidades" ("ID", "RolID", "FuncionalidadID") FROM stdin;
1	1	2
2	1	3
3	1	4
4	1	5
5	1	6
6	1	7
7	1	8
8	1	9
\.


--
-- Data for Name: Roles; Type: TABLE DATA; Schema: public; Owner: SEVGomez
--

COPY public."Roles" ("ID", "Nombre") FROM stdin;
1	Administrador
2	Supervisor
3	Técnico
\.


--
-- Data for Name: TipoRegiones; Type: TABLE DATA; Schema: public; Owner: SEVGomez
--

COPY public."TipoRegiones" ("ID", "Nombre") FROM stdin;
1	Departamento
2	Municipio
\.


--
-- Data for Name: Usuarios; Type: TABLE DATA; Schema: public; Owner: SEVGomez
--

COPY public."Usuarios" ("ID", "Usuario", "Nombre", "Correo", "Contrasenia", "FotoPerfil", "FechaCreacion", "RolID", "Estado", "Eliminado", "AgenciaID") FROM stdin;
3	SEVGomez	Brandon Cahuec	brandoncorazon@gmail.com	Ab12345678.		2023-08-20 17:04:31.839703+00	1	t	f	1
4	BrandonTest	Brandon Dos	brandon.cahuec@gmail.com	Ab12345678.	/9j/4AAQSkZJRgABAQEAYABgAAD//gA7Q1JFQVRPUjogZ2QtanBlZyB2MS4wICh1c2luZyBJSkcgSlBFRyB2NjIpLCBxdWFsaXR5ID0gOTAK/9sAQwADAgIDAgIDAwMDBAMDBAUIBQUEBAUKBwcGCAwKDAwLCgsLDQ4SEA0OEQ4LCxAWEBETFBUVFQwPFxgWFBgSFBUU/9sAQwEDBAQFBAUJBQUJFA0LDRQUFBQUFBQUFBQUFBQUFBQUFBQUFBQUFBQUFBQUFBQUFBQUFBQUFBQUFBQUFBQUFBQU/8AAEQgBIgDcAwERAAIRAQMRAf/EAB8AAAEFAQEBAQEBAAAAAAAAAAABAgMEBQYHCAkKC//EALUQAAIBAwMCBAMFBQQEAAABfQECAwAEEQUSITFBBhNRYQcicRQygZGhCCNCscEVUtHwJDNicoIJChYXGBkaJSYnKCkqNDU2Nzg5OkNERUZHSElKU1RVVldYWVpjZGVmZ2hpanN0dXZ3eHl6g4SFhoeIiYqSk5SVlpeYmZqio6Slpqeoqaqys7S1tre4ubrCw8TFxsfIycrS09TV1tfY2drh4uPk5ebn6Onq8fLz9PX29/j5+v/EAB8BAAMBAQEBAQEBAQEAAAAAAAABAgMEBQYHCAkKC//EALURAAIBAgQEAwQHBQQEAAECdwABAgMRBAUhMQYSQVEHYXETIjKBCBRCkaGxwQkjM1LwFWJy0QoWJDThJfEXGBkaJicoKSo1Njc4OTpDREVGR0hJSlNUVVZXWFlaY2RlZmdoaWpzdHV2d3h5eoKDhIWGh4iJipKTlJWWl5iZmqKjpKWmp6ipqrKztLW2t7i5usLDxMXGx8jJytLT1NXW19jZ2uLj5OXm5+jp6vLz9PX29/j5+v/aAAwDAQACEQMRAD8A+90bAJcYCke+RivHZ6iLyR4K4PGM4xzUFIcYdkhGOGAIoGWIgksW0cgHBBFDGMNqAPQ0AKsDAZAyc8gd6AEjtgVLMjLnkq2M5pDuNhtPKiDbTuxkqO5xRYLjDZCRt5ySB/F7UWKFNvGFMBQgsCRxxSsBg6xbgwOoxt+XO5cjjv8AnWbGjK1N5oWmaBBLIIgyoDguQvT60kDNnQbcmOFzE0JKr8rrhxwCd3vnNXcRclYsoJVgDnPynIpoCQWcduPljQCQguQuMn1oEV3gUzEplcnJGODUMaI2s0YkYbg5waENkgtEdOhxgfhTBDGt1iYN1Y4XOKlgx8irAgLkKCQBn1J4pCILi2WQqTkYINMBn2JQCCoGRxmkAn2RI4ht67uh7VVgIJYIifuDr2FFxFK4043ClNvLNndnGBTWpJXvzLaRg+SXxgM2QAMnGfwHNOwrnJ67qetG1mt9H01DcZ2xXd248lT6kA7sHpkA9+OOWSTxadqrA+bq8rvxnyLZQBwODnPP5dRxTA9YWNWGe+KsSJdxRUOAeO9IpFgkKc44ODQUNgGbiRdnA5DE0ASO5iO92wAMEUmFxttcpMTsPvii4FnCgcjJ69aYClAUHUcUANVRyFIyODigdwKjcMg7sHmlcLnEeLNcs/D9nPNeXUUCnO1ZJApY5HAz78fjWTKufM3xF/bd8L+CPGd7pKByILAXJkcAGTKRyoY+u4NFITjAOQB64ahJ7EuSW5z6/wDBTDwppqeGprvT5f8AT9Iku7yODBMFyjsnlqSeQWR+uDgLjO7jT2cn0I50d5oH7f3gXV9RtopEleO5gu7tTApZ0iim8uPcnXLjDcZxkg/dyXyPsNSTPoHw98QNG8U6Zp11Y39vML6BJo41lBYhlLAY9cKfyrNlJm06b04HvUMokghwTv5JHOapATNEqgE8GqsBA6Kx4GB3xUgJKN4KjOR3oAQwh8A+3SlYBfs4B68frTEVZoW2vglcDqMZzTsK5V2HYByfUn+dRYLj4oysmGHGB7cVcRMo+K9Bt/Eej3umzjMU42Me3XPPqOOnQ96uxBVbTwN0Mb7AAo4GcDvgfSkVYli0yG0jEaF5+5mcgM57k/56YqiTqgu0cEA+1AEqplEyenPFBSJgFbgnlapajHqMYz0PcVJLK12DI20ngnoaTBEFhD5DqA2WP8qRRpudqnFNALGcrgGmA5iF980mB498cv2jtA+C2iX1zNd6fd6hBbyXH2B79IZii8ZVW++cn7gIY87QTxSSuK5+Unx+/a/134vw67o88putHvblL3T5omEEli2MvFwo8xcnBB6lFYc5LdcKVtWYSqHzXf6vcancmWaRml+6G3EkDPAGTwBniulRRzubbKbvuGC7YUYAPaqsTzFzTtQubFjPb3cttKuBmM7SQCD1+oH5VLQ+ZndeAvjv4p+H+p2d5Z6nchrVZRCTIcx+aCJSvozKSu7qMnFYypKRtGoz9Uf2dP24/BHxA8HaXbaxq39ma+kSi6a5KoskxOSEHZBkD0AwMmuKUHF2OuMlJH1dazR3MCSo4dHGQV71mNskY5yM4FMEJuDcACkURMfoMdRQA9WAOQMn1oAeVPGOapEsZKgbjIpiKciZGQMn1qbAxOFxlQc+1UhXGSuGEgJwO+OadyTDe4C3D7T3OT2qLlIbcpZSurTeUX2j7xB4/Gi47HWszKOTx/WtSWSQuxQEjntj0oAmhbLnOOPSgaY6O4SYEKTuQ7SCCDQJkd0m0hjyDwealjRFaW6+eWQZxxg0WGWdQtF1CxuLSQusU0bRM0blGAII4Ycg89RTFcchaMKoyEAwCetArnl/7QXx90L4B+B7nXNbe4GcJCtrGHcuSAOoIH1YY7d6SV2S5WPxX+PHx8v/AI2eL77WtQJnj8xjbicRrKqNj5SUAyMjIHIHbHOe+nSS3OWU2zyeTUI3i2C1RnHRzK3H0Ga6rGLZDLPHKigQRwuOGKFju9yCTzQRck8hBDHJHNG7N1TB3L9cjH5ZpMYpJjQA5OTkZHUYqRkjOjAoBmM8Dd1zxUlE+najeeHdUtL+zkZZLaZZUIJ4ZWBB/MA1Oj3LUmmfsl+w3+1BpHxd8CadodywtNd06ARyie7SWSdhkbzgAgnGcY46dhXBOFmdsZXR9USHcx+tYtGiEyEwM8fzpFFG7ufKyQMsc4XOKgCaCTcmSQQx4wKpASb8OuBkc8jtTEyG4dgJHQbn2kBd2AadySk9wyLvI2sQM85FITGy367cggBeTVJiRAk0RkLkkMykAk9aTHYz4xm4iJO3LOTkcEdP65/CouMmla3jfBjZ8858st+tO5R1UmChOM966bWMbkkIBjBBzxwaAJVwseCQOaBkgOWU47fexUjAoJAeh4HT1osUOjj2c9qLEkmc984oERyMFRi/Cgck+lOwH45/8FFfjzc/Ej4nXWi6Zr13ceGNPVVitIy32V5h1YDOCwBIJIyMY71tSh1ZzVJdD43hcNPud48qM5kXIz6YxXejm3JvPjmDRoI4ywH77yMc59un4CmDQtpNBAs2VjmcrgLKn3vxIP6FTQTYY16lyIv3McEkYCsFGBIPX6+9JjRJOUjJjGURjkIW3BT25qGUkTS6cFkCb8rGQSR/dPQ5+pxWbkacoz7M0tvuCljgkgd8f5/SlfUfKdP8JfiNqHwp8a2OrWLpE8cqFmkgWYLhgSwVhwwweVIbk4IzTlHmRUZWZ+53wO+Luk/F34fWOt6fqtvqkxiX7QYAqsj46MgZtp74Jzz2rzpq2h2J3O7SYtKc4xjI9awKuV7pDLuUAdcZP1oHcmtgApRmz6EjmmAlw7LExQ7Tj0ouBHOyBMrzIwIUdz7U0Bn3jMQArAEEfdNDJZBf7VhymBwOW4yfaqiSV/t4Nur7ChzjZsOeuKGO5XS7jjMSscSfMwU9TWewy/EMIM4X0HtU3KOnUlsqATivQZgxU3q6knHYrUjRYR1UAPnJ/SkMkD4AHJ7UhiIVQbtpUHGSePzpgJemXyN0BCuCD8wzn26jr0pMB8r4JwzIeOo4qQseffHjx7D4C+FPiHVbmYxNFassRVlDPIwwqjcCuScDkEc81S1ZLZ+Cvj/Xp/Efia91B45YRM7FVeQvgbidqnptHYDgV3QVkcktWc1HZyTEBQcnoQP1q+ZLcSi2ST6PPEyKIXJI5O0/nSVWL6l+yl2JLq0uvJVGtQ5UffSEKR9SBz+NNVIvqQ6cluiKCxa8dIwhjkXgg9z7CiU0gUJPoej+GPgvqur6xHC0DXlo23ddWisyjOM9QORnkHFck6yS0OqnQbep6zP+zBqenGRY5EbdGE2x4IK8YIJ5ByOR29fXyJ49RlY9SODTVzzbWvhxe+H7aaMwy25G4Ayrg4PUfzFbU8XGpIxnhXFaHmGqafJYkCaMpID8wJ6+9ezGSex5M04s+yv+Cdn7QeqaH4/s/Bl3pdvf6VeoIPtsUIS5tsvhCzqMum58ENnbngjnPPWh1Nqcrn6vadGoso+XkAGA8nU9ua4rG9yWOERJsQlwP7xyaTQJibMMDyOOlSMVyssZDRh1PBDDIp2KGqquMADjpiqE2Zl1YP8AZ18iJSIhtRcAbR0P4Y7UrCZW1bTZ7y3jjjnMTNwGCg88cEEH3q0QOjtRbQwoy7kVdoA/z7VLKuZ7Rh5ITty298EDnr/9esnuUi7DIqKQeTn3NFmUdOkgCls8jtXpM5x4kEknB46/WpGThiyqOuPSkxkituIIHbrUgRl8ZDICByKVgFWVizYPyk4AA6VIENzOVnwzKygA4wQf/r0DufLH/BQT4l3vgj4OPDp119gvL+UwJdKuZh8udsR6gnjJAPGfu53DSC1M5M/IS20ue+njBV2Z3yXIzk5rdz5UYxi5ysj2TwT8EL7U9iEbIs7nmkG1foO5rwq2NV7Jn0lHBxgvePV/D/7M66jOHluUtolJUO0YZmHsD/M15jxUu52+yiuh2L/sf6C/lMt3Ne3BILW7Q/IoPBJMZBHOK9OjVcknc5JwXY7Xwv8Asc6FpB3alaWV6mcmSZR5hz34wB16c/U118z7nO4roj1Twh8JPCHgOCWW0szGy9pGz+lZzmkioxuzn/EEFlNqs0sECKD/AHeP0r5etO82z0oR0PJ/HPg2DWLKcCLeWYlcDpms6dVxdzRxVj45+LvgR9C1MRMGG9Mpxnn/ACDX2WCr+0hc+ax1FQdzN/Z58RXXg34xeGL20jme6jvUQJBKsUjbjtwpb5ScnoeD04zmvTnqjzaejP3k0bURqemWl4qTxJPGsnl3CFJFyM4ZTypHcHmvOasdRosypGpGOaQxjOpwenPQVJRFcIskRUsVz1ZTjimA5MLGG27B79aCRGkMUbnOQelAFC4mCkMOQMc9z9PencGDuDGDg5GcEgc1LAyAQVjUfeLMe/t/9aoZSLsXCfLtIPPWmh3NxGy5UghcDnjmvQbMETW/I+YZIPr2qRjg2CMdPr0pAWoSAeGDGlYoUg4O4AY6EHrSAgWItOXV2APVRjmkBHdRNLJyoOOhJ6UNCufnn/wVOMxt/DMMgmNsg+UjhFclv9r5iR2AGACSTxjWCMps+JfhVpK6n4zsLaTc8cbAtzwewFc2MnyUmzpwceaqj7l0rTI4reIIgQIMAAV8ROTufXJG9aJMiqi4BPQ+gqU7iZ1WjGa0ESQnKKdzMeSTXsULpHHM6rTdUnnDJPEN2ep7kd69GLZzsq60bx1lVWJRvbgVhVu0XDQ4mbSbuKZ2bOM9D6V4VSNjtizDvQHLbsrxnBrjNj5v/aW8PreWltewqu9DyTx+XvX0uV1NXFnj5hC8LnyvJiy1e3uEUMyyqwSQlc4PqCMfnX1Keh80tGfuh+zv4juvFvwR8JarqJna8msoxJJPN5zuwG0nf36d+fXPWuOa1OlM9IVsLz8w7DFZ2KJI5BJ1xgDtSGNa3jb5mB46D3+lOwEhcFBj8iKQijct83brg47UAQXqRmJDtGSOq9aEhkDuPKKjIbZnPUfjSYIzS/7q39y4/lUMsuw7kjAXAHUDpUksnhv45GXbOpYjGQckV3tmdi356ZdTOu9vvc80XHYnS8VQsEboxAywP3sUXCxbguFBA3Df3UenrSuMrNfgh41/eDPA3Yzz+dTcBBO9vdNID+6YDOTwKVwLMl9Esay7xkjAOeDVCPzX/wCCq9+Ztd8IBPlP2ZywUHJ+Y4O7oMY4GP4j7VrBmM0fMP7POmST+LGcKNsChix5wa8vM5e4kj08uXvtn2po/wA9rGBkn0r5Jo+kTOktIgcCnFagzv8AQNKI8kAfMSCSK92hHRHHUO5t9Ftlg+eMeaRj7vJ/wr0LaHK2zP1CzYxNJEihV4YleBXPU2LicTri+YX459BXkVVc64s8+1y2IYsAfcV5UlqdKZ4N8arO8udAumhjDpHyQwyMd69bL5ctTU5sTDnptHyFrUS3F0u1NoR8kHkfWvs4s+Oa1P2m/ZFt44f2dfBgTYm+zEhEbFgWZiSeeRzk47dO1ZT3NkewSIqxhVO3vmsWUhlrMkbHODg9c1KGWfPUnG4c9807gK0i5yH7Yxxgn/P86WgEF5OpjI+9zigEY+qaommaTcXDxu6QDcViQu34KOSeaLgDyJtch8gjHXis2xoz5whhtmLSARyHJiAwAR/Fnt9KCi9EkbRgli3ocjpTsKxTbwro05BOiyR4GC0bspx7EHNdTRCY3/hGdDsIjIbWaELwS077j+ZyaSQXNO78N2E8EKGGXYOSVmdT+YxQ0IzT4U0lAN9xfxkDIKXj59jyaRRKPDWlXVsXTV9SChiDKt3nkHBHTHXg8UrAInhiCOYM+vam6DlV81Bke5CgkUWsMlvNFs76TKane2qnJ8qNgB74HagR8L/8FRPDn2DwZ4S1SC8nvI0u5YXM2PkJTK4P4H9fatYGUtTwX9lnw+YfDlxq0y4M8m1CRxtFeHmDcqnL2PZwMOSHN3PYrb42+H9O1H+zxOshX5NwP3m9vWvPWFlLU9F1ox0Z3Gl+PtM1ePda3KFlwCAe9ZyoOGrNI1Iy2Ow0Px1LaFFWUZVgw/A1pTquIONzq5fHsl/bvKZCs8eD8vSup4ltGXszG1n4n3kFsIWuCIZDvYZxzWLqykHKkee+JfjdpGjyqs97GJD/AA7h1pxpTnsiHUjF2ucLefHvTZL2Teu6M4UuGzwMnr+dTUwel0XGqi7qa2ni/RJxBIJILlCuV964OWVOR0XUkfFHjbQJfC/ii6spvvxy9uhUmvscNV9pSUmfLYil7Oo4n68fs82+p2fwT8ICNGMcmnxSLkqrqCMjPPUdD61cnqYnoz3evRr8lkr8cF5lGTWVykUhc+IHYt/Z8YcHgC4ByKkZNG/imRiU0tDjAI+0KadgJLiLxTGN6aSucYwJlNOwFI3niZB8uhMzkg/PMoz+p9+1SA+LV/EkIZH8PvvboyTxkfzFDAZDdaxfB1bTJoAGKszbdp4zxz05xmoKRqxQ3RSGRYJkdMhxjqOP8KaEPt9GvbWBI4wNoGfnPOTz3ya0RSbOygj8tMdyc5HpXUzEc0KOGV1357EUCuPNmjewPUGkyjNudHtpluBJa28iyL5R3RAkpj7p/X86SAj8OaDa6HZMsFpDaFpZJNsCbUyzkkhegyTk/U07CuaJj2R7Ske30C1Nh3GiNVXYqhVJzkDvRYD5p/4KHeDJPFX7MmvPDEJJNNljvsFckBSQxH4N+WapaMnfc+NvhRZmw+A+mvF8sktm7BgP4iW5r5/FO9dn0OGX7pHiz/DvVtQunktGAmJ+XPH9f6V106itqRUpN6mDrOneOvh24uZ47uOAtlZkJKZ+v+Nd0VTqLU4Zc9PVHb/Db9pLV5NThs9WHmIxChzwR7muHFYOMVzQOuhiJN8sj690LWv7R8OG7jyjmMN+deNys9O58u/H74qazDcG0sLmSEqCpMRwTz/hXfhKUZS984cRJpWieT+Avhf46+LF88lgJJljPzTXUuF+gJPPfpXtyqUqasjzIwnN3O4u/g54o8GOg1DY6J1aJwVI9K8ydZS2PRp02kevfA0vb2V1YuzFVcbQxzivJrNSdzvjdI8z/aV8NGf4n+HY4FxLqe2MYXq2/b/UV7GXSvTaPHxy99M/VXwX4bHhzwXommpwtpZxQ/MTnIUA9a7nqeYbNvGrXaRmSVXlyW4bbjtjPGeD0pWA17fRtqIXk3OBhtvAP0z2p2AnbSw5yWdB0wrYzTsA2LSNjg+dMwHZ3ODSASfTIyxZZJFIHBDEge+KVguI1iS/+tc/L03YyfWk0BGLLyxI6swbA6k+lTYpFk2LOMrxjkA9M0ykPe0yxKSMi9gOaZRrRkMoOciupmA/PPtSBCZyrc96QyEuySA4yCe1NCZLuDHLR/IpOGPUGmSJO4ypU4P0pDFGXzggZ7ntTEcJ8eZYYPgt43kmQTRpo90Svv5TYP4HBqW7GkFzOx+ffgDTnX4KeH4YlJJsFIA65IJr5vEy/fNn0OHVoJHh/jHV/Ea6oNO0mOa3dnCeaARg+pPYDua2w7i/iNaqlb3TzS98VeNrvxLL4Tn1C5vZJbv7H5MszlWbdtGMnp0PIr31TpqHMjxJSm5crNrw/wCDNRttZdL2wZWspwkzqv3Dnufz+teVXrJLQ9KlQtqz78+HWhxT+CpMhgGhQLnnHT/69eRe52WPmH42eBzqfiy6e0iURWqGSViMKo9Sew4Na0qnK7CdNSWp5PrHj/xN8NLXTxptnDHaXSM0Et9CJiwDYJ8tsqh6HGM8jmvcoUqdW7keZXcqTSR0Wj+MPGmpaTpt3c2Ubrfrvje3UrGQSRiSMfKMgZyoHUdRxXFiIUoSaT2OvDylKN5I9v8AhNoN7bzG4mt/IZh8wPNeDOep3FL4r2dlB8WPhlqmox77GyvXkuMSeX8iNG5O7twpr1cBU5YSPMxVN1JRSP0W0uyW88NyWpnuHs54QkV157ee8TIMPvByG56jngGvZvfU8KWjsaEJMc1kAQRhtwPOOcirJOkh+aMce9Ax5we/SgoTBHUgfSgkZt+YEcfj1paCIzHlvQ+1SWQyAhJ+m7GaGhomhkYFQxBBFSWgdFz98J7HNUirl1ckEBRjFb3MRwycDOD7UiQRSiHrySeadgWpRllKXAOSOc4wcce9IouQSEoxIyCxOaoTB5Ao+bGKCSNWXkoSM9+uKAOV+L2mnWvhP4ysUw8k+j3aIMfxGFsfrionsbU3aSPif4PWgi+HXhhGQN/oEHBHfYK+VxLvUZ9FS2LXxA8ARXVgklvAqzlt3AwPeudNo6keaw+BDaeJBqyaJp76nni6lhR3HGAQcZzjjr0rrjiKvLy30E4Qb5mtTtrrw6yaNcy3FvbLdXSBHaCAR5GcjOOvU8n1NY1Jsqx6B8P1ax0CaEsWUQfKvYYPWs4tiOQg8OrqWsakGiXFxjIkXIYggjI/AVMHaRRwfjfwDeXrC01bw7p+pWiyZilW2Vtuep5BxxXoqtUp6wZnKMZfEjW8D+AZrvUbNJLRobWBBhWXC8cAeg+lcc5SluPRKyPXz4fttPg8qOEKuMg46VySi7k3PC/jb4ZbxBrPhizjQkPeurEdkKZb/wBBruoPlgxR/iRfa/5H6GaZD9k8P2MfleWY7dI9uOmFAr6WOyPk5v3mMhVRJaPnLnORnpzVEnRRz7UAY4/GquA7zd3CnnvjvUjYplCnGOaoQCQiMkAbuwqSkKJTu2kDnvmmgIJoBIJQ43xSDBVjxjGDSKRLGMKAOPl4osUEmN3U/hTsUXF3BTjtWhmwBKnPamiB2fkFMZRnZECrIy4MgOG6UmMW0uNkbAcg8ikIbJPJMFG3aucZNBI+IqrEMCSvfNUFx9wqXEMkUqK8TqVZWHBBHIpPYcXqfFmiaWnhsHSAABpsr2YHTHluU/8AZa+VrxtUZ9NSfMkztrKCDUIdjYOexrKKOm9htx4RtWAZIFL4yQg7VqodhcxxvjmBrS5trHbsZmxiuaa94tbHUeGNPW20O5YgZCKo/OtoL3SW9TlJCbDWkIxy3fvXI172hp0PUIvDME1rDdsgcOuWUjkD1r1YxVjlbsyObTILSIyZVASdqqAMDNYziUnc5bVtQRMjHT3rjluUczoWgQeKfE9nJKP3kM6JGh7lzj/D866KKvJIylLlTZ9e3EuI+mSe4GQP8K+oSsfKPcy4FIuYfl4KnDeoyT/WmNG0kxA6Zz6UrDHB23DoSaQE24seTg1QAPkPP+FKw0yUS9BtzmjYYkp3IUPAI60ykMQCMIARgKBzQMDyT/jSuUi6r81aM2SKwz6+1UiRGZiOoUelUIy9QBd1L4KhvlAHOaljuMtZ0t1RXZVc/L83c+lCHcnadfMUYIXqTikSWo3WbJUg44IHY+9WJleC9tr0N5VxHMoZozsYMAynDKfcHgikxHy38X7CPQ/iRfiAhYrsi4GOgLD5v/Hgx/GvnsbHlmfQYOXNAi0e9jMQO7Hv615ykkenY6/StXhiX7w3c4JGe1dUJpoyaZ5j49lbU/F9rcRMGRDuf8T/APWrGWsrmsdEdxoRzod6rMN3yEfrWy+El6nnfii2uDeiaBt3lEMyjvjrXG1qaI9b8JeLrTUNOhjbACRgYz3H/wBavQp1E42OeUdbmP4k1uFXfywwjzjAOe/BrnqzRcYnAeIL3ahIP1Fcd7jeh0HwFsU1HxjFPMWzC5YAngkKSPxzg/hXpYSN6iPOxMmqbZ9PMqiI/wAIFfRnzxTDo00OG/h45xUgXYJAVHc+lOwyZt6EbkxnpxSZQ8TFSMAfnRcAa4HTGCPU0DF8w4GTkjsKlj2HiT5zzk460DEmZd4BGc9hTRQjSopwRz9aQxqyvCSNxIPcnr71T0JZPbP8hweTziriyGTrNuGW7cVYjJ1C68q4gwOC39DUMCC3dmRCVTK9d3J/CkMt27meQjaSmMgkDBPpVIRoI0gRPkGMZPOP6VQiI2pEkMmd5jBGSvJz1PtQSfMP7T2n3Wm+L7PU9hFlcW6xiUDA8xWbcD+BB/8A1V4ePg3aR7WBmvhZwmi62GjUI2T/AHTXgSdme4al14hW2jSNGJdzhcetOMhNHjPxq+K978Otdsre2tPtfmRLJKM4IBYj+ldtKKluyW7G7YftHaO+miQTmPdGHfJwPp9fatVFiueXTftT3mqeKGttO07zrV2KiZ2xn3xVTw6jHmb1Ep62PoBZLjw1qqjd/olwoPf5WxzXnO8djS9y/f60qxFiw/E1zym2VY5TU9cE0oTlienpxThqzKeh7b+zxot7Ozag9rJZ2UKuFnkTb5zk4+XPUAZ56frX0WDpS5udniYyquXkW57tNIPs7HcAPWvZZ46MiORTe2iKoI2cE/Ws7ldDbtnXAwOB71QiWaR8jk+/tSAjVd/Kn5uvWpHceM7uW5HtTKJgu7B659aLAPWMICc8+1OxSEYM6ZNFikVpBIG61IzT8sSDn8MVbRI0ReSRtOAeMGqRLFdyQcHAqybmJqUe+cZGCAxAJ/2TUSGO0+JWhYsMjODk/lSQzUtdsTbVIXIzjHPvWiJZcUjGcn6DvQIaRtXjgelAjxb9qjTTd/DyGZR89vdo+fQEEV5+MjekzuwkrVEfK+kXDQxliGPfPcV8lPc+niyzpOtwPqRnmB4O2MEd/WrhEJOxB8TPhrafEa1W6SYxajHHtjk/hYDOFb2yTz711wfKY6s+UNc8K3thrB0+5t5obgybGtyDliTjj1zXbB9SuVn0t8Mf2fNL8M6fbX2p263WqFFlKO2UiPUAAdxxyayqSbE4tHba94ntoZ1tLp1y+cE9a45Rugu0Y13cebE2DuCjHXgiuFrU3WxgWZe81FIlyBvACg11UI3kkc1Z8sGz7/0PTU0zR7K0HSCFIwR3wAK+zgrKx8jKTk22WbjAgY7hwCSKciUYEpb7XYpuKM0BXOMn7w5+tZGnQ24pTGyg7iSe1USXjKG2kn260AGQj8fiBQApLZBwSCeBQBYUkMQWU+i9xQNCs/GBj6mgoYswkXpj2oLTGkIxyT+dBV0Wo5SQAxy3rVmRITuxkcdzTQmQu+GIXntgVQIxLsGW7dmkOFjb5AOnHXPWpZQtgsDWyThmOeGbJAx9P60IRrRTRQEQhs7RjGckfWrRLLUbA4KkY70xDiVC/KABSsJnkH7SWpJB4KW0fn7RKAM+2a5sQr02jeg7VEz5PsbhI5dvbOOa+PnGzPrYnI/Fe31O8ktotCuIra5UeYWbO047HAq6LSl72xTVzjYfiF8RktRBNZqY0OyRrPazk+oHX8q9L2UHszqpUupetPjvf6LEqX0ZlkGREby3BljbuVLDitlCyOh00UX+IPjLXbh7rSoNRkMhJNwx8qInvy2Ace1S6a6icNLWOZ10/EPWZBrNxdW832FsrbQjLSD+I59hx71L9glyvc8ypBqR7LoOtLeeFbO5JLSSRgkdO3SvGlHUpbHVfBLSj4n+JOkW2MqJhNIOoKp8x/lj8a9HB0+aojzcbPlps+6ggWIruPTqcV9Qj5jcqzFogzFlkXGQgWpkUjHIkebS28k7ir5GR8pyDj/9Wags2GbbwwCt3XOeaBD45fmweaSAujLOCp6/w1YDicE/NgjtmiwAbr5l2qDkHdzyD2oKQ9ZAVzlT3pFke8KOn4CiwCkZPIAPpmkA5pBFGdpDEc1VwWhGZCcguCH6HOKYMljk7ADj0FUSZ9z5MczBpEEpUt5XcjP8uaTALMo8IKn92mVbJ6YOKQGkkkb/AHyjAfd29vyq0yWWBJl1EYXHfP8ASquSxJZlU8kZ9DSuI8A/aduy1ppiE4UFjz+FYVFdFRdmfJl/q76bqPlOQFY71b29K+br0+Vn1GGqqpE1tIt5W331xIHDDYDj7orgO85fxDO+jai15bvkZywPQ49RXdSn0Z2UaqWjNzTfi9ZNaxpcpp7shGHljVmAzkjPeu9SOvni+pg+KPiA/i28S1guITEBgrbADAPbjp/9esqk7K5nKpFI3dA0v7eg0+CPPmqQfb1P5V4s5Nu550nd3OY8QJJ4MlbTBIWiQlU7AVtTXMYydj3z9iyGK+13XL+Q7pYoESMdwCef1A/SvoMHS5feZ87jqyk1FH14SSDg59q9Nnkozb+8jtohJKWwGWMhBu5Zgo/UjntUM0RWYnNk5cphn5HbkUii3azJtkSFJG8r5eQRv46gnAP16ZoAtQkZZiG4PTGKBFpLpVdB90lcnJxg1YCeY6RvggMMkNjcCPegBscvIYkNuUZXHFBSBrlEDbT04IpMYJcqfmJG30PWlcoGugTlTgegHSncWphnxBd7Tt028Hb50wD+GahFoedaumfJ0i/kx0ARf05qhWHrrWpMNy6NeKRjh0JB/EdK0RLQ9J72bzHk02VZO4KHJ9s1LEQm+1ZpEEWiXLRDOd7KB+HOc0kNEy3+r87NDmVjyA0iD+tMGiRbzXZlG/TDHz1Ei/j3qiDI1/xVceHYEl1C3ECucIGnUsx9gM8VpCDm7IylJRPl/wDa1+JMuueBtSuLNvsMtjDuinEgDA5Gcc9cZHAr1FhEo3ZyOtrZHxD4A8ZXJtXm1a/kujc3QijeZyxVtpPU+vFeNjMMpxutz18vxPLO0up9L+Atct9U082xwysuGyc8f418XVi4PU+sUkyTV/Css021dsh7Z6kVClYo5yX4H2F9J5s9mpkdiWbcRn8jW6rySKRrWHwqi0FC1pBGkYOQAf61lOs5Azq9CtovD8ZupGxKq4znnmuRu7IbPFPiR4piv9Zfa+7BxxivawtJpXZx1Z2PVf2VviHH4Kiu9YmIeOd5LIR7sGRs5+X1IERP0Br6/DYdzp6HyFef713Prfw18S5PGqkaQI5HXl4ZXEUg/wCAsQairQnT+JEwmmbn2bW7mXJs7ZU4O15QRXGdCLy2WsfZlQraGcE8mTgDjigbJI7XWE5kNsQDlcyDgY9c1QiSWPVsfKbYf702P5CgYRW+sMAHe1Ycjc0mQff7tADjYasqkfa7NE/6Z8Y/Tn8hTuIrpa6yF+bULJRk4UKxOO3P/wBalcpCeVqnQ3lqR6ruA/HipuMR0vkBBvrdRz8oRj+OaLloqS22pSNn7dA4xwcEUuYdjoVvNQkBVbdh6sX49iBmtbBcsxf2jMdq3KxDr8wJP061SQrkn2bUWLZvY1TPHysxP6jH607EtkTPdQL++dXJ/wCeeev40WJuQbL+4kPlukMfT5ssT+HGKVguMuJJIIWlubvy0Tq74RR7nP8AjVKLbsiXK25wHiz4qLpUZTTpDeXGMCWQER/gByf0/Gu+jhHL4jlqVlFaHivibxXqfiyeK/uLlnkjkETgdEUnghegAr1qdGNPSKPOlVc9zxD9o+/vfEsdr4L02UJLfo0jsDklEUuQR9QMepIrocboz5tT5T1jw3fRfC2fULcjy9J1OOOfacMC6ZV/pnA/GvMqU7nZTlZpo7b4UfFOWFYXkk+ZABKvqO5r5HG4W7dj6/CYnmjZn1H4Z8cWV4I7gSI4KAda+blBxdj1oyTOnm16xlUHevTOARgj61mzS5k6l4ztSn2dCAq9T1JqbNibseV/E74mW2mWZtbaYPcN6H7v1rtw2G53zPY5alVI+eNZ8UykSTLukmbKxgclmPA/Wvo6NLmkoo8mtUsnJnqGvSn4czfC3wtMzfaYJkvNQ2v95pH2gg+waUV9pRpqmrI+SqTcm2z3fWfGUvgzXba8UXAWQKo8mNkETcZZnPToeMZ/Ot5RUlZmKm4vQ+pPht43XxDp0Candpb35AK7pBsnB6FcgHd6ivnMRhXCXu7HqUqvMtT0YWJj+ZHZsdia4WrHTcetu5yXKnHdR1+tKwx62AB3FmHAHBosO5L9kVRhXcZHXOf50WERpbDZh8yIwwd2OKQDZIDgKowM91zxQUjOuYzGAApLHkcYH41Ni0ElnHJtcEArkgsuevX6UmBVdXLdcfQ1IzsQwBO5enANdbAPNzjK4+lAieHPU96ohkjxr6ZJ7UWuTc4nxP8AEiw0Mvb24W6vVHzKrfu4z/tHv9B+YrqpYeUzCdRI8b8TeNr3V5me6kMqqCzYYbIx6Bfp7c16lOgoHBOo2clfztMrXIuGKFc7WVuB9M8H8K7EjnbuZtsjWtmqySK8LHzC6jrk5wBWhmeNeHbV/EfjTxV4vk/ePaSNpmn5yQvGZDjv1UfnV2DY881jwnb6GPil4WuHDzXsVtc2IEbYb9xIzYHIG3Z39BXLOO5vB7HzR4aupbYhomKsDxivnMQk3qe/QukereG/iDcaeiCN/LYdY2PH1rxKmHjJ3Z7FOs0dY3xXvHhI4Bxz6VxvCxvc6VXZi6h8SL7Y3zbOOuetbRw8F0IlVk0cHf6hd6vdtIzs5Y5JPU11pRijn1kelfDD4P3OseJtDm1FGjiE6XAhPUqp3ZP5Dj3rswMvaV0kceMi40Wxvj/UX8bftH6fa5ysV/a2i7QTtCupcADk4JevsInycj6b+Imii58I3xDu1wtqxjJJwMcYA/I1oZnJfEm517XPgBZajoF1Imq6ZNFfho+PMRASycdsHOO+0CsJxub05WPdPgV8f9ZvvCejvcodTiltoyQx3MuVUn5uvXPBBHvXm1cMpao6o1WtGfQ3h7xppPiJUW3uRHcOP+PeU7XB9Md/wrzZ0nHc6lUTOiXJGAxBFYNGtxyMXXOefQipZQpcMhRlyD2IosMbJuBHzjjnpjigoy7xNzqwLdD3qWNETL+7AypPop6+lQUVmiCnkgH0POKkeh2XmK4C8ZPcV3MQwKvIzg+tQJliMlIx3xVpXM2zx74r/FG6tb1tH0gbkAIubmM8g4+6COnp+f4+ph6F/ekcNarbRHk11qK3lnE8blBKdq57Hk8+o4r1IxSPOlNsp+YLBXCRsYljLtLkHLd+ByT36VrYzvcTy4Z41kVE+0Mm7Mi/Njrz7ZoHc5Txx4mj0TRtVv5CUNtZPsUO213PYDpnrz1qkhHM+B/DR0rwX4csWzHf3Y+0XEnU5YmQ5HsSB+FaENnL/FWxaw+IFnNHC17O9sS8ZYBpI1R95AH3js38Ad64cTVhRhzT2OrDU3VnyI+bdT+FNxpD3bWZ+0JCxPynIdOzD2IwRXyuIq8s3Fn0+HptwTRmWtpFLGFcc+tcMpdTtUDQ/s2RVUpM3TA5rFyNeUjOkvI2XbdnrntT57D5D1D4RfDEa1enVLyH/iW2hzz0lYdq8+viPsxN4Uz1O315PDmsvqUnlJD5qWm+RtuwOG4Udzhf0r38hg5KdR+h4mbTso00eHfs72dx4y+Nx1mSF5/IlkvGxjPmMSR14/vH8K+zifLyPsjxBYR3kCicZRomLRykbVJHH0PNWjFnnPwiEl94D1rQHPmvA01s6ueVCkgfXgd6iRS0Oc/ZS16+ax1HQ7g7bzTCITET8ygNtP4gjH41iaJ6n0RBczWEMRnuQZVbmUHZuJPH0PI6VEoKW5opNHWaF8ate0y98nUIYruzRvL3SNh2xnow/rmuOphYtXRvGs0e5aTrMGt6Zb3tsW8qVcgN1HPIP0NeRKNnY9CMuZXLgYbSTzWZQ0fN1XJA6kcfgTQMy79y6Ns+8FJ5OKhjQPlC2wEHAzj6VJZGyAEZzn2FKwzp9gUDHGBXWxELsA+McZ61AmcT8R/Hn9j2r6dZyhLuTAkkBx5YPbPqf89a9HD0ub3mcVWpy6I8VuJg935IjfCLuMgICjPbGev4V7cVY8ucrnLarDGsuyZfLkWbdb8/NyCP/r/lWqMbFwzC2hkVtyxIuTLIQB69f1qgsQXjxCCW8gZI2MG4XBXIK8kZ9RzSYNnk/j29k1rwnoemRBWuvEGoK7L/ANMU559iBn8auJNz0O3sFbWbh7dliktoY4g+3dhj7fQdKt7Enlf7T0t1ouh6T4o0x1e/0G8UzAcHy3BT8MlhXmYygsRRdN9TtwlV0aqmcz4PuLfxBoei6jFsLPaJHIFXjKjbyPXjGPavls0oSio1I7LRn0uX11Lmpv1Oe+IPwhubVn1nSYDLat80sMY5Q9SQPSvBjW0sz2+VHBQW7jKFSDnGCKbkilE7fwF8MNR8Z6hHshaKz3fPMwwMe1c9SqkrI0ULH0hdeHIvDnh6DT7KLy4o1wqgdTXnOV2XoeUfFOxFp4RtjOp2wahFMyjuzjylHvjeT/8Aqr9IyWi6eETa3PiszrKpiGlslY1f2Y/BMGgNquoWNuGtZLmZoyzYZYS7LGCT1wiK3/bQ8170G+RN72PGqfE0j2C/lhkv5PNcPDsYEOBsA65/z7VoiDzLwG8mi/FvWtOiZTBfiO7TPKlWXDkY7kihgcz4Etbjwf8AtF63bDYv9p28jYC7V35ye/dlJ/4FWTQ7nvV7hp7YhY2uPlXJ9ME9fTNBVzO0i4k1fWpU2jyYmyTu/i9P61DQkz134ffEF/DrGyuV86x39VOWT3H+H415lejfVHoUqltD2i0vI762SeFlkhcZRlPBFeVJWO5O48zjGGJ+gNSUZly2WkzkHbnbwRjIrNmhJOWZgI/mPGST0FIENO4gE8cdqdjRHQSZJBwee1dL1MjlfiJ4l/4RXQpLiOVY7iQbULHpjq34D+YrajT9pOxhVnyo8C1HXrgzRT3EXmox3ySnJYE+x+vNfQxikrHkylcr6ZeR3d/ebbgTqcNhcYXjPGPwrSxhe5Q17dawBi0k7sAd+BkYbdk9gAAf/wBeBVoQ62kWclHjYr5a/M2CrcfX+eKbA4r4s65cQ6dbaLYAm+1qdbJGQ8xqcZbHfqfypEi63pdnpni/wrEkA2xbraIjGVjjhY5PsMfrVolo1tN2W+k3F9Bbiaa7uTKQpAZwDgcn0AzTbGUPil4UXxp4H17RSqlrqD5SeisMFW+oIB/Cs2roqLsz4++HPja7+FQ1PS9btXlS1LHy48MyHGSBzyDx34zmuGpBSTjJXTOynNxkpRPRPhb+0/HeX8sfiTSks9CnfZHfQhnW1HQCbrkE8bxjGemOa+SxWVxs5Ud+x9Rh8a2l7T7z6OX4V6BqxS+Wwt5DIBIJEAKtnkEHpz618pJyTsz20zrdK8NxabCsVtCkKAY2qOlYu5VzN8TwxW6qG6nrk84r3MqwH1yrzT+FbnkY/F/V6do7s+d/izfP4l8FXcNtbOL9tTe2QRgks0csixAAduB+p7V+nRioqyPiLtyuz2X4a+Gv+EH8BWdiVaWZgiSMDyDtAzyegAA4oYt9TXjsCsT3E5wSCrIBlW9/X8PfvQhHl/ilG0f4reEtXtlUreRS2LBmKgYIZc8e7flTbGiD4m6SNM+MeiakrPHHcpuDI2CCdoI/Nc/jS3Jadz0W4dLPxFAm0IA5G88sy+Xlfcjr+IqWhkXhO+0+Pw/b30E3mrMzSrM+V81iO3rnPFQxo6OLNv5gEIMrIGL/AN84OKzaNEzuPBXxEu/DOLQxfare4cBUd9u1j1wcHH/1q8+vRTXMjspVNbHugWNcsRu4615LR6KM++eLJOzGRzt43c1k0aoAVG0DOAQc1IxzHJ4I49aoZtXNwlrbTXMjhY41LsT2AGTXUlcxbPnrx54sm8S6gJ2ZI4tpWGPP3R/+sjJ/lXt0KXJE8ytUuzm3jguLJGu2XYNrPg7Vz05/E13o4nqUCDYSOo6xn5V77D1HHvz+NUZkd5NDHpbG2jLwtF5cYi5GCpO4n0xk5J5+pFAXCzmWdZLdkdUREXcVK7gem09/w70AcD4ejTxV8XJb5NsmnaNE0EW4k4k6HHqepp2JLXjC6RfHVqpldxb6bdzRLt4V90SYyPZz1pjZ0qWMWiaPZq8rR4jRT5jfKD0GM9M5oEWZf9G1VHkaVxcBVCgFgvGOAOg7kmgR4v45+Aun+JNbm1NWKywy7LuIcefCeVPQ4YdPcD2qXFM0UrHnel+HrTwpr/ibwtJaxm3sZVvYoCCyvaSqqzIM5OACnPsTXnYuHJHnifR5U41pSw0/trT16HtX7KXiifR9Y1r4Y6pN539mj7Zo00jEmWzbB2ZP93cpA9Cw6KK+QzXCLTEQWj3PUwtWSboz3ifSMtvHbQySyEJHGCzE9AK+ejSc5KMd2ehKainJnll/PJrmrSTswW1BOEI5xxt5/wA9a/TsBho4WioLfqfC4uu8RVcuhxPhTQpoPEOow39sCh1B721mjGVKPuIB44KnzB6fMtekcdj0xIILHT4oIlYKrYA5fGfXr+dQxpCRxma3jldWWRQVMQbK5pITPKfi/F/oPh7Wk80JY6tA7bUIJRm8sjaRn+IVQka3jKxtNTfTdRng85rW5RipyCAw+U49igqkDZqeJrYLf6PqcTBcTxKxUYLqcoQx7gbwfrSYkyHQ9IOhWVpooA8lbuSbkjG0ytIcAdAOg/CpsVc6i0869vrjzgRbFV2EAjORgjPsR+tQykTsHa+KkMixKOn3WB/wx/nNZSV0WnZnuPw48V/8JFoxjmcvc2x8t8n7w6A/pg/SvEr0+Rnq0p8yOgu5NyNuXAxgFeo5rhZ2Icrko2c4A4GfakMgAlkyc98ZzTSKRV+KPiddH0c2EBBurxGXnnbH0J/UD8/SvToQ5pHDVlyo+fVuUu2MbIzHmOQA58njPP5cHvxXuRWh48pXZQtNSi067GnXiBWija4SQgbSqkc+u7Jz0rUi4zxRdFFimhVpt7KoEQycE/e+gHP4Y6kVSJkyC219LrQDLL8sjK0RiOCd+CGXHtyfZeegp2JTLMMv2TTbiULsWKAEAnpgHFITZy/h4x+HvDNteeUrajezb1aRQSryfMcfQYH4UxJlZpptb8bXcMymJ/ItYdnHO6WVnP0KwqfXkZoKO61BHmZ1uBGUzhFHOV96CiKa5kN1EfJKRoAFfcPn+g68cdaCSG4sJo9WMsk/7qcHKqoAbjgN15HqMUwPBPi1ZR6P8T/CPiEy+bpmoxSaPcOmCvJYDPt+8z/2zNRVpqpBxO3C1XRqxqLdMx7rU5fh54t8C+M2PlyaLf8A9kakV6tASQOO/wC7aQZ+lfPez9vQnQe59dmNqOLjiI/DNX/zPsT4j6x/oEGn20qq85Esh6gxg9Px/pXj5VhXz+1mtjgx2IvDki9z5u1D9pTQ9L1WXRPDGj3XinX5ZTFttyEgZx8v+s53cDqBjHevsYs+ba7npvgG28RS2X23xPLaDUHRVW1sUIjgAHQuSS7HueB6D11IN+1vLi2mT7SY97cN5edp9OtJgTos8d4VDiOMszBcbt47YPapA474z6Zc6l8PdZW1crPbw/alULks0REgH1ygpisZ0Wof2p4iWB41W21TTkuLVw+d5UiTGOxw/wCIppkM0dX0uWbwu0ctxLNi8hbzB8pRfNQYXGMYHP4ZqrjsXNM83WtRuHL7FiJi4HJXdk/mAOfQmpZVjpbcvawSi4KKiOwV+g2dvpx/L8KljHJcI9u8yNviYblYng8Dp7VAzS8CeJ5NG1u0uNphhmZVnDD+FsZ7duv4VxYiHNE6aM+WR7df3AMTOCSMqcqeuTXgyVj2Yu5dibdCpHcA59aksfIrFuOmK0Q07HkXxG1d7zxvdQmQ4jURpGB0Axkk9uT+tfQYaNoXPHryuzi57D/THa3VklUb2Yn5XyTlff8ApkV3nnMo6jI8kc5mt3Jt0DqyqxOcE4Xjnp2z1pklC61F49NjvZI5MxoGeFBuYcZxgdaoGZd466DHfsGHk3kMmwE4G8ISuPcqMH/dFUQO8Q2yt4cdbeaSBriZdxBzvAAUjnsQPzoEUWL6x46ht4WX+z9DhUSg953GVHp8q8n/AHhQBS+HsT6hrureKpmMcdy7zKGGSYQPLgHt8il/+2tBaN5bi48RXqyQXDRxI+coQQwHUfQ0AzbvojD9m3SEtGdxCn26UmK5buIBqdpbTp5sboSyqwKn0wR+FIZ5N8c9FHiv4c6rpdvbq15aL9ttZEbnzIssVUDqxXeMDnmtEy4nmsW74keDmhjKSTa/p6zKQeBewn5scnGSvp0PtXi29niX2Z9pKX1zKVL7VJ2+TLHxG1Lxf8RbmPwH4XnkvBYWsNtrGrA7FJAVPLL9hwSwHJORjg56YwSVoo+UlN3PQvhf8C7D4V6elzb3BvdRljCXMzRgDPUhD1VenHfHPtuo2OdyPVNNgW6EUgllUxA/Kr4Vs8YI71YkR65Cl3biWKZ1MDhiYX6kfwn1+lJlXJdOvhreng28yrPE2QQc4I6g1IEd7FbRabeD7K8iS586GMFixb5TgUAeJ3T3Wg6F4PvIpMzaPevYu0meVRzF+AKgfpQS9z17XNQii8Ly30WxopEDNvfGO+cdyKaAq+Dt6+DYbiFGguLmNpwszbipOSAT+VNiuajXk1xLCigb3IG0HhR1J9//ANVQykXGt1nkSKNjGluwJXB5GCMdv8ipGK8K+eqhlyh3kEkMB2Ix7is5alR3PW/BGotqHg3dy5jkMPqQAeP5/wAq8DER5Zns0pXidfbsFiUIXP8AFzzXKdZYeeHI3OM47tTuB8/apqUt5qDXksoTfKTM0g65JxznjJxX1sEoqyPn5vmFm3PJHiUIgO58AZYdhntyc/hWhgyjd30oAjtovOkaRV5PyhSeWP0GTx7UxFK/iFtOCPlRucHt7VSEzi/iFMdK8LPII2mhSSNhkhmxuAPJ9ifwzVozZahvIHtIfOYR2lhG9xc5UhV6t179CeKGSjG8JO194ILtcLBq2vu1w5Vvnj84jt6pCy8ewoRoal/dpomlWmkwFRdX8hMcQUgCJcKo9gFC0DR1nh2zt9IjisI02zCMSYC4XGfyzQIL2OG31VEhiIEuZGIHy7s8k+5/xpCsWBPONSZFjBtwo/ebuQeeMenT86RaIdahtby0aO5tzJHK4QFByD2OeoxxyOlUgPk/wGt/o1n4i0nR7gW9vBrs9pZ6hOAz28RBVip4G84jA6csTXlZjN0KTqwV2j3Mumpv2MpWi+nc99+Hng7T/DPhW1061SUxNK0ksjbg0rspBZj9D/KtcG5SoRlPdo4MWoxryUNrncQR29pDFYKSCUwqsCcjHTPrx9a7GcRDYCPRmito7d/LZtoESFguT1PoOetSUi3dmKyt5XS3ZldtzJAmWYnjOB1oEzkXvI/BWtSTSDZbTsC5QE5PAzgdaQ0dg8StcC6WRjHKvzLn5enUUgueTeONLFvo/iGF3VY0uku0z/CX4P05A/OmiGWFmuLz4d3CNMbkzeVFBCFAKl2Cbcjr94VQXOz1EHTrXT7K3lCKoUNuGcxquMf/AF6TEaeiR+a7XHBGNqg1maIuQ3AdfOlgW3k5V8nJAUnHOBxyT+NSykiK5uGWymdpUIc/I2MYX0znn61JaOk+GniB9Jb+z7glLe7Zc9P3b9j/AErz8VTvHmR3UZ2dj1+W4ATcZNqMRyB0xyM14rPUQonjVRtfzARncO9FxngUkMdw0ybBIudxLjOWHOfw4r7FHzg+Fo9Z0t4Z43iEilHR8BsdD69aNyGinq80drcNJDIrPEB5iqRxxkZ9OKom9jA8WTXGq+DlusNaSLtkljjbLBM4YZwMHHcdOcHoapENnM+MhFN4fuZwQ0X2crvkJIRevfp0GfpVolmH8WfEDWngPR9EtI5Gu/EQgsWmTrGrbQ3GM/dLdPc0mEVqek21jZ2ujRXb242wKcKijI425A6Z28fSkWzltDu7nxZ4lfVYYAYYB5cEMh24GOv146fyqiT03cUikMQDSAEhScAnHGTQBjSiW9nUGVraVsZKANt9cZ4oAlkZmlmUSbHIwGA/XmpsNlKa5uDaRrIweWMncQMZ98VaIueZfBfw1DqXhaynvbKKZLy6l1KcMSMkys0ZGMZ6rweOKmWpsnY9mvbfET+WgkZWDbSeT8vAB7dqlEu5LA8mxDIhSQqCUJzg+mRQxJlXTZ5nO64h+zyHgpvDY59RUMZZiadpZvNjVIwf3bIclh7jsaEM5zxdpk2qwP8AIvlxrvSRW+cOCOMenXmmBV8FeKV1OR9Ju4W+WMkyN91uxX681ArjPFunqpvYUslntZbcK5PIXByBg9apAzkdDubdBYaXHL5b/bFlZB1QL+8HB9wKoi50Xim8Y64sqyj7NFbkSL0OSRjn9PxrNsZ1mmgtpNv9iYRjCMuRwU4yOh7VJSZJNeNvjURtJvcISp4A9T7VNi7jdQg/0VIxGfJLbDsz8oPHGKdguOZvIMYLEHeOcZ+n0rOceaLRrCVme0adolxqml2tzJqz7Z41coEHGRnB9QM18zKNnY96DukaLaRPDhTrbLx0W2A/rU2NTxsxOZy7MDHgBVz37k8envX2DPmU7mczz2msSK2wWxA2AZLZ5yT6Dpx+tNITE1owR2fzN5fnyADnO5yOn5LVGcjA0m+W/F3pMyMQsWC5A2kNkY+vFMyPN9Yil1XwFrGlyXDCW2gkjbnG47WXnvgMM+/Q1Q72M++lbWviroVi53x6JYvcvt6eayiMY/76J/CmNbXPSvFuozaZ4ahtX2CZl+YR5APpj8Kgpaou/DrSZNK0WIzlfObJYquOT/h0qhHTossAmeWZXQkmMKuNo9D69qEJmPZOseotPLPtSXCojkYB54Huf6UwGyxQ21/cXDNsLD94zN8oA4z6D60AyjqLbQ99FcSPD5RDJHgqwxkMKokrfDPSpNK8N2lq8nEFvFCq4xtwqr+eVP51DNLnXOy6dEXeZynmFszPkbT2B9BSBE/lyyXEUkVwv2cbsrtB3fj2walsbKl1azOVaOcwsHDN8obeOePbt09KhiRYnzPbSKshiZl4cdQfWkUQqv8Ao6wu5kYLguRy3HWrA8r1awm8MaysomkYFsiXjJPPpxUsg7S2ubjVtCLXpjMpQl/KJ2n0680IGzwPXfiWnh/x1pE8iNHZi3uVVmU4c/IB+tDlYSV0db4b8V2njr4f+IL075HjZ42Ynk4AZSvp149MVF7ieh6doUZtrPT5UkYPFbLCybvlbhTk+/Hb19hTsUma0M7fbIlRA0WxtzAfNuyMc+nWixZPOZJzHGkyRShg+0nkgEZ4z0/+tQxEdy9zEqBTEx38g5zjuB6nFS9ikes/CvxBHrGkSWpIS4szja+RlD0/I5HHHSvDxNO0r9z2cPPmVjsmtXJGAQMdM9P8K47HoJng9tbpM0Lm4ad7fkOdpySMZOB1x6Y6mvr2fLplHWory4t4nSKKOcTAsSxbCBuSOOSQOnv145AbILkx3UcRkUNJHkoxHK9QcfhSJZy97qC6ZqEd0D8shWLEffJwPr1poho8u8WatLpvirWRCY47Oa282RnA5HcDnjnJJrVGT3L/AMLLT+3fGviDVVYqj3sduGHO6OJCxH0Jk/SmylsdZ4jc6r4wiXzitvCoUocbc+tZmiPQILSOBIJSWBjHZsDoRyKAF1FY7y0CksRvypRscj6VRJW0gwX8LypsmXsWGRnpkZ/GkxlF7yK7uriBF3Mh2srLgf8A1+h/WhEsjeGIJJp+7y3MWQqDGF6cfmKtkIv6Jaw3Kw3IyWVmIIbjknr/APXrNmiL5liu4HGRJGsm1gOg5II/mKllIbb31rpRgs2IgR22woFOM56D8TSGWRHHZxyPJMcFtxaZ+Fz2BPb/ABpbiRGLVYJribewL9VLfKMAdB26UkMpyQ299Pb3iMXaEttZXwDwQQcde9aEnOeM9Mh1/T2khk3vbSZ+RsbXXqD/AIVLAy/DWoNqFjJYi4aGQADfHgkfn+NJCufOH7S+qk6vZG3jmdNLlaCWTbiOJ3UHYDjqdmaxqaGlNXNX4CiWPwg0MjSFbqY3Mq9vLGMD3yQPwJqICmj6F0a7e8klbzSLZUVVjI4BHUj/AOv14/Hcg3tPvZ5Li4WSIpHEwEbq3DggfrnPt0564DRamlaeVqEplUNLJbuUOwH5W29DjrwR1rhq4ujR0nKx2UsJWq6xQ+9t52kXfZyPEBvD7hlWBGBgc9M/qK4f7Wwjduc63llda2Nb4e64lh4wsFSRRvLRTRMcEbhwcdeu2nUrU68OaDuKlTnRlaase6tIwPAHPPzE1wHddnhEemQWxlcJ++kO9pDjcemORjtgfhX1t7nz9rGdJe3A1LyfJL26JuMp4IJI+Uevck8fj2CHoUriBZpZ5EldVdNu0HAXr+INAjzb4heJrbwN4ZmmijZhblIUVOu48D6+ue9DdiT5gh+LN7rni2OK5XEcsojJJ+6hPPH0zUQqXdh+z0ufRnwi0mHTvBUepSlklmLX7HeR87tuH4bQBiupmZ03gizt/EHm30+24SZiULcg4JHX6/yrMtHfw3UE81xbhg7x4EiYIwDnv+BoBlKWeM3QtI0dVRC4wMIBn1/pRcmxJCWsjFHHAzJLnc6kYTHr9aAM/UJJrefzIoPPbP3AwH600Jlm4YmaNgc54zVXIW5Z0uS20yytbYHyTJu2KAcE55/nWbNUi8JEhTAXAZuw6nP+JqR7ECSeescvkPCck+XINrDBP/66TC4+K8h1NJ4JYGPlkBklQbW5OCPXpSQxz39v9s+ymQC48vfsYfw8856H6VaFcoyzLaBUigO0vgLEuAMnk/1p3EVNQvobezmLwlh0ZY0yWJ46d+tIbPOpI4vD2qTXsMwjV/mL9sAcA/40iGeVftN6tZx+Hb+CJ43a+eK5UoQd2WUZ4/3GGaxqfCbUl7xleAfFStYQ2cLLHuEcUe0cGIKEIB9RyawjIUlqe0eG9cb57do9rIFw3Zl5wfzBH+RXUtrmfkem+Erf+1IIriQMkTKGCsNp/Edq+MzPN7N0qD9WfW4HLUkp1TvrOGOKLYqhR6AV8ZOpKTu2fSxikrJCXECuGB4+grlkXY4fxlosl5bl7S5ex1CIb7a7j+9E/UZH8S5xlTwfyrswmLnhaiaenU561GNWNmj3bwZ4gfxD4X06/mURXEsQ85AeFkHDge24GvtozU1zR2Z884OLszyW6sHtLqW8niZpJFVASowig9AwGcc5wT1r38PjqOIXuM4MRgqtHVoyNU1eOxmhDs2+4k8uNF+ZieTwPoOT26nivSVmjyGjA8R3l3AlubJlUs+Zmdfl2gHjHHU4H600iNjy/wCIVjB4h8OzxmV47sjCx7vl3qcrkf1HY0prQEz5c+HWgT6nqut3lxuhmtsWyqVywllYocD1Ch/zrGjF812bVmowSR9g6fcxRaVDo0JbzECo8ZBB2gbV5PUfK3SuxnAmzutASPT0htRbuqkcOFyi8E4J/A/pWbOmK0Luqak1q4WOGSTzGCfu/wCHOfmPsMUyWK5lS28yKETy5AEZbaCM880mNF98NEu1QuOoJ6UIZiTG5LwrPGqyk/N5bEjtTIkiSfNlKn2gKwdgI9md3TJzmqFFGpol19q0uGYRvGH3YWRdrDk9RWbNSFpzJBKZojAEmAU7shhuwD7Z4pCZZnuZZ4IRbRiTLhXLNjC9z+HFBJXu55LFJGRPOKjhAcbj6UkiiBtl1LBJKjRsUB2E/cPcH+VXckQQy2k88rTSSxOfljJGEwO36/5FSWkUryC1v7q3nly0sO4RuGI254PSi4WMeadL9bi1l8u7aBgssci/lkH1wam5PKeN/tYfY5PhhCkcUcUqXcToFTHA3AjPoN3T3rGpsdFFWkfN/gbXZYHt44mG+IsQD781x81mXOGtz6Z+Hmurr81mCcHhpEPOPX8zXBmONVCjaO7OvLsL7arzvZH0noEy7EIPNfnDd2fcRVjp4LgggDn04qLGxO+489h1FZMDJ1SBZY2XBxgjNTYDP0fxzqXhe2ayt0WSLeXG8cjPb9P1r0qOOqUociOOdCM3dndiNZI8MAVI5BpQm4axdjrkk9zkvE/hpMfabZF3rzswP09K+lwGbSovlqu6PBxmXxqrmhozyPxZr0VlCfOO3e4j2kfNvzgAD8/1r7ulUhVipwd0fHVYSpy5ZKzPIvGviJNKvRecNDFGVdc/fY52jHsf5npVzlZGKZwHwk1X/hIPG01jDbxbvtCX80hOTJsBzn1OSOfWlSkncucW0rn09JHLHdKLaD7RJDhBG0mB05Oce3/6q1bOdI7aVvsljIwAZlXIB7n0/lUnT0M+waa68vzlCv1YBs4+hoM+po2YuUQC6MRbPymLOMYHr75pFoUrdfbXd5E+y7DhMYYNxzn06/56NDMfW9TSCSJhdeSVcM3ybt6j+H9eopkSKtreya5qkd08LR20QO3d/EeefyqhI6KG5mxarHB5sb8uxcDyxkdu/f8AKs2aDppStvIHAI38BaBMpaILi03wTzCcr0dRtyPpSJLhW4aWZpvL+ztjytmQ49d349KBmJqUF091BAjPDbsrAzwsA4PHyjI6n5ue2KAi0ndq5ddI1jWCS7cu4PyttyevbHsfyNFjX2i/lRjXCWuhWcClpkhydqou/BOWOTjIHXr0qWilVX8qIr6OeG3luIGldghbYu3c5HO3lep6fjU2L9tHrFfieafF7R7nxF8LddjkysioXEToA+VIK8j3HaolqmTGa5tEfIvw/wBJk1nU7i0ti324wmS3Qfxupzt/EZryakuXVnco82h7r8G9V2SuWyh3hQjcHOB1/E18zmvvWPZy2PImj6o8J6mssMZyMnrXzDPokd5YuWXk596hssvM3yj+dZNgVLtc5H4dOlIDmb61xcHqeOtZSqqDs2Fj0QvlMDg47V2JsTM25lIV1blR0q+YR4t8WbSMWr3qKBJGQz5HXB/mK+myfMHRn7Kb91njZhg414cy+JHyb4qvZ/FN7cW4cLbWcM1zNg4+WNSx/M4X6tX2lepZI+NhSd9TJ/Zt06/vviRDPZyBRbxO8u7o/Bwp+pH6VrQbLq2SPtrQI3lbzplCOeSEOQOfXvxXWcdie6vLhrp4pREbZjiPZndj/a/TpVoGyfToriO7kJdXtduFTHzBuOv6/wD1+0sSLl15zyxtBN5Kq67gU3BlzyPbjvUmlyLWrlksZljYxSMjKrDnaSOuParFcwdF0v7bIguphMy4xvIDP15I98H8qCGbb2cGmoYYIxG07s+wkncxXn+VAFjR55zaxm5REm2nKRtkD5iBz9Kll3K8Mc2bt5rjzIy4aNNmCnqD69v880xkFzDLLJFsuHt2Vw+5RncORtOe3NSBrySlrfYjeW7LtWTrtOODj2pIGZ97I9lbQtLMrsp+eVsKCPU+lMkqqYb1reeRY3dBuimGDgEclT7imgILfUbe9aZIXLGJjG4IIIIOCP8A69OwFczzNO0P2ci32ZE4kGCeONvX1/KosSznvGUE8mmXUMCJKGUbwTjAHOff6e9ZyehSPir4aXK6d8TdDeLKZv0i64wGbb/I14mIV4s9ei9j69/aC+HX/CvviHBr9lbeXpOuotwVUYVbkACUf8CG1/cs3pXzmKTqQse7QfKzovAWqrcWkbbslsd6+aqRsz3YbHqmlXDsqqoJNczZobkY4wW6VFgILmTjCnJz6dabYGTcBGkJIH45rmk9QOtXmXHbHSvQ6kmNqjERtgmkwPJviUx/s+55P+rb+VdmH3RlU2PlXS0U6P4zbA3DTVGcc4Lcj8cD8q+6qt/uz46SV2a37IsMZn1B9i7y7KWxzjYOK96hseVX3Pq7SeI4scZ9Poa6TnRDc/8AH/B7uK0RJc1SRotPvGRijLFkFTgjg1LGh0Ds1raMWJYkZJPJoGznJ55JbvUFeRnCykKGYnA3N0/IVSA3dOiQyWjlFLqBhscjKvmkwZUH7zxMxb5igG3PO3KnOPSghGyCdrc/8sQf1qepTGkYssjgk8mmOJyvhIkx3IJyBckAenyLSZRpW9xK2p3aGVyi42qWOB8idPzP51ImPvzvnKN8yGFsqeh+7/ifzqkBfEMcVvEqIqKvCqowAPQVQ0Zt2xTcFJUBe1AyFGPmJye1QZsxtZO6a8B5GzofoKwmUj4c0IBfilYBeANWjxjt+/FeRX2Z6dHdH6O/tiop+G3h4kDI1GPBx0/dPXgz2Pep7nlPw3P+jwDttr5it8TPegezaMSIcjg4HP4Vws0Zu2RJiX/PakCIZD++P1qZAV0J5571jcZ//9k=	2023-08-20 15:29:52.52357+00	3	t	f	1
5	BrandonACC	Brandon Alexander Cahuec	brandoncorazon@gmail.com	Ab12345678*	/9j/4AAQSkZJRgABAQEAYABgAAD//gA7Q1JFQVRPUjogZ2QtanBlZyB2MS4wICh1c2luZyBJSkcgSlBFRyB2NjIpLCBxdWFsaXR5ID0gOTAK/9sAQwADAgIDAgIDAwMDBAMDBAUIBQUEBAUKBwcGCAwKDAwLCgsLDQ4SEA0OEQ4LCxAWEBETFBUVFQwPFxgWFBgSFBUU/9sAQwEDBAQFBAUJBQUJFA0LDRQUFBQUFBQUFBQUFBQUFBQUFBQUFBQUFBQUFBQUFBQUFBQUFBQUFBQUFBQUFBQUFBQU/8AAEQgBIgDcAwERAAIRAQMRAf/EAB8AAAEFAQEBAQEBAAAAAAAAAAABAgMEBQYHCAkKC//EALUQAAIBAwMCBAMFBQQEAAABfQECAwAEEQUSITFBBhNRYQcicRQygZGhCCNCscEVUtHwJDNicoIJChYXGBkaJSYnKCkqNDU2Nzg5OkNERUZHSElKU1RVVldYWVpjZGVmZ2hpanN0dXZ3eHl6g4SFhoeIiYqSk5SVlpeYmZqio6Slpqeoqaqys7S1tre4ubrCw8TFxsfIycrS09TV1tfY2drh4uPk5ebn6Onq8fLz9PX29/j5+v/EAB8BAAMBAQEBAQEBAQEAAAAAAAABAgMEBQYHCAkKC//EALURAAIBAgQEAwQHBQQEAAECdwABAgMRBAUhMQYSQVEHYXETIjKBCBRCkaGxwQkjM1LwFWJy0QoWJDThJfEXGBkaJicoKSo1Njc4OTpDREVGR0hJSlNUVVZXWFlaY2RlZmdoaWpzdHV2d3h5eoKDhIWGh4iJipKTlJWWl5iZmqKjpKWmp6ipqrKztLW2t7i5usLDxMXGx8jJytLT1NXW19jZ2uLj5OXm5+jp6vLz9PX29/j5+v/aAAwDAQACEQMRAD8A+90bAJcYCke+RivHZ6iLyR4K4PGM4xzUFIcYdkhGOGAIoGWIgksW0cgHBBFDGMNqAPQ0AKsDAZAyc8gd6AEjtgVLMjLnkq2M5pDuNhtPKiDbTuxkqO5xRYLjDZCRt5ySB/F7UWKFNvGFMBQgsCRxxSsBg6xbgwOoxt+XO5cjjv8AnWbGjK1N5oWmaBBLIIgyoDguQvT60kDNnQbcmOFzE0JKr8rrhxwCd3vnNXcRclYsoJVgDnPynIpoCQWcduPljQCQguQuMn1oEV3gUzEplcnJGODUMaI2s0YkYbg5waENkgtEdOhxgfhTBDGt1iYN1Y4XOKlgx8irAgLkKCQBn1J4pCILi2WQqTkYINMBn2JQCCoGRxmkAn2RI4ht67uh7VVgIJYIifuDr2FFxFK4043ClNvLNndnGBTWpJXvzLaRg+SXxgM2QAMnGfwHNOwrnJ67qetG1mt9H01DcZ2xXd248lT6kA7sHpkA9+OOWSTxadqrA+bq8rvxnyLZQBwODnPP5dRxTA9YWNWGe+KsSJdxRUOAeO9IpFgkKc44ODQUNgGbiRdnA5DE0ASO5iO92wAMEUmFxttcpMTsPvii4FnCgcjJ69aYClAUHUcUANVRyFIyODigdwKjcMg7sHmlcLnEeLNcs/D9nPNeXUUCnO1ZJApY5HAz78fjWTKufM3xF/bd8L+CPGd7pKByILAXJkcAGTKRyoY+u4NFITjAOQB64ahJ7EuSW5z6/wDBTDwppqeGprvT5f8AT9Iku7yODBMFyjsnlqSeQWR+uDgLjO7jT2cn0I50d5oH7f3gXV9RtopEleO5gu7tTApZ0iim8uPcnXLjDcZxkg/dyXyPsNSTPoHw98QNG8U6Zp11Y39vML6BJo41lBYhlLAY9cKfyrNlJm06b04HvUMokghwTv5JHOapATNEqgE8GqsBA6Kx4GB3xUgJKN4KjOR3oAQwh8A+3SlYBfs4B68frTEVZoW2vglcDqMZzTsK5V2HYByfUn+dRYLj4oysmGHGB7cVcRMo+K9Bt/Eej3umzjMU42Me3XPPqOOnQ96uxBVbTwN0Mb7AAo4GcDvgfSkVYli0yG0jEaF5+5mcgM57k/56YqiTqgu0cEA+1AEqplEyenPFBSJgFbgnlapajHqMYz0PcVJLK12DI20ngnoaTBEFhD5DqA2WP8qRRpudqnFNALGcrgGmA5iF980mB498cv2jtA+C2iX1zNd6fd6hBbyXH2B79IZii8ZVW++cn7gIY87QTxSSuK5+Unx+/a/134vw67o88putHvblL3T5omEEli2MvFwo8xcnBB6lFYc5LdcKVtWYSqHzXf6vcancmWaRml+6G3EkDPAGTwBniulRRzubbKbvuGC7YUYAPaqsTzFzTtQubFjPb3cttKuBmM7SQCD1+oH5VLQ+ZndeAvjv4p+H+p2d5Z6nchrVZRCTIcx+aCJSvozKSu7qMnFYypKRtGoz9Uf2dP24/BHxA8HaXbaxq39ma+kSi6a5KoskxOSEHZBkD0AwMmuKUHF2OuMlJH1dazR3MCSo4dHGQV71mNskY5yM4FMEJuDcACkURMfoMdRQA9WAOQMn1oAeVPGOapEsZKgbjIpiKciZGQMn1qbAxOFxlQc+1UhXGSuGEgJwO+OadyTDe4C3D7T3OT2qLlIbcpZSurTeUX2j7xB4/Gi47HWszKOTx/WtSWSQuxQEjntj0oAmhbLnOOPSgaY6O4SYEKTuQ7SCCDQJkd0m0hjyDwealjRFaW6+eWQZxxg0WGWdQtF1CxuLSQusU0bRM0blGAII4Ycg89RTFcchaMKoyEAwCetArnl/7QXx90L4B+B7nXNbe4GcJCtrGHcuSAOoIH1YY7d6SV2S5WPxX+PHx8v/AI2eL77WtQJnj8xjbicRrKqNj5SUAyMjIHIHbHOe+nSS3OWU2zyeTUI3i2C1RnHRzK3H0Ga6rGLZDLPHKigQRwuOGKFju9yCTzQRck8hBDHJHNG7N1TB3L9cjH5ZpMYpJjQA5OTkZHUYqRkjOjAoBmM8Dd1zxUlE+najeeHdUtL+zkZZLaZZUIJ4ZWBB/MA1Oj3LUmmfsl+w3+1BpHxd8CadodywtNd06ARyie7SWSdhkbzgAgnGcY46dhXBOFmdsZXR9USHcx+tYtGiEyEwM8fzpFFG7ufKyQMsc4XOKgCaCTcmSQQx4wKpASb8OuBkc8jtTEyG4dgJHQbn2kBd2AadySk9wyLvI2sQM85FITGy367cggBeTVJiRAk0RkLkkMykAk9aTHYz4xm4iJO3LOTkcEdP65/CouMmla3jfBjZ8858st+tO5R1UmChOM966bWMbkkIBjBBzxwaAJVwseCQOaBkgOWU47fexUjAoJAeh4HT1osUOjj2c9qLEkmc984oERyMFRi/Cgck+lOwH45/8FFfjzc/Ej4nXWi6Zr13ceGNPVVitIy32V5h1YDOCwBIJIyMY71tSh1ZzVJdD43hcNPud48qM5kXIz6YxXejm3JvPjmDRoI4ywH77yMc59un4CmDQtpNBAs2VjmcrgLKn3vxIP6FTQTYY16lyIv3McEkYCsFGBIPX6+9JjRJOUjJjGURjkIW3BT25qGUkTS6cFkCb8rGQSR/dPQ5+pxWbkacoz7M0tvuCljgkgd8f5/SlfUfKdP8JfiNqHwp8a2OrWLpE8cqFmkgWYLhgSwVhwwweVIbk4IzTlHmRUZWZ+53wO+Luk/F34fWOt6fqtvqkxiX7QYAqsj46MgZtp74Jzz2rzpq2h2J3O7SYtKc4xjI9awKuV7pDLuUAdcZP1oHcmtgApRmz6EjmmAlw7LExQ7Tj0ouBHOyBMrzIwIUdz7U0Bn3jMQArAEEfdNDJZBf7VhymBwOW4yfaqiSV/t4Nur7ChzjZsOeuKGO5XS7jjMSscSfMwU9TWewy/EMIM4X0HtU3KOnUlsqATivQZgxU3q6knHYrUjRYR1UAPnJ/SkMkD4AHJ7UhiIVQbtpUHGSePzpgJemXyN0BCuCD8wzn26jr0pMB8r4JwzIeOo4qQseffHjx7D4C+FPiHVbmYxNFassRVlDPIwwqjcCuScDkEc81S1ZLZ+Cvj/Xp/Efia91B45YRM7FVeQvgbidqnptHYDgV3QVkcktWc1HZyTEBQcnoQP1q+ZLcSi2ST6PPEyKIXJI5O0/nSVWL6l+yl2JLq0uvJVGtQ5UffSEKR9SBz+NNVIvqQ6cluiKCxa8dIwhjkXgg9z7CiU0gUJPoej+GPgvqur6xHC0DXlo23ddWisyjOM9QORnkHFck6yS0OqnQbep6zP+zBqenGRY5EbdGE2x4IK8YIJ5ByOR29fXyJ49RlY9SODTVzzbWvhxe+H7aaMwy25G4Ayrg4PUfzFbU8XGpIxnhXFaHmGqafJYkCaMpID8wJ6+9ezGSex5M04s+yv+Cdn7QeqaH4/s/Bl3pdvf6VeoIPtsUIS5tsvhCzqMum58ENnbngjnPPWh1Nqcrn6vadGoso+XkAGA8nU9ua4rG9yWOERJsQlwP7xyaTQJibMMDyOOlSMVyssZDRh1PBDDIp2KGqquMADjpiqE2Zl1YP8AZ18iJSIhtRcAbR0P4Y7UrCZW1bTZ7y3jjjnMTNwGCg88cEEH3q0QOjtRbQwoy7kVdoA/z7VLKuZ7Rh5ITty298EDnr/9esnuUi7DIqKQeTn3NFmUdOkgCls8jtXpM5x4kEknB46/WpGThiyqOuPSkxkituIIHbrUgRl8ZDICByKVgFWVizYPyk4AA6VIENzOVnwzKygA4wQf/r0DufLH/BQT4l3vgj4OPDp119gvL+UwJdKuZh8udsR6gnjJAPGfu53DSC1M5M/IS20ue+njBV2Z3yXIzk5rdz5UYxi5ysj2TwT8EL7U9iEbIs7nmkG1foO5rwq2NV7Jn0lHBxgvePV/D/7M66jOHluUtolJUO0YZmHsD/M15jxUu52+yiuh2L/sf6C/lMt3Ne3BILW7Q/IoPBJMZBHOK9OjVcknc5JwXY7Xwv8Asc6FpB3alaWV6mcmSZR5hz34wB16c/U118z7nO4roj1Twh8JPCHgOCWW0szGy9pGz+lZzmkioxuzn/EEFlNqs0sECKD/AHeP0r5etO82z0oR0PJ/HPg2DWLKcCLeWYlcDpms6dVxdzRxVj45+LvgR9C1MRMGG9Mpxnn/ACDX2WCr+0hc+ax1FQdzN/Z58RXXg34xeGL20jme6jvUQJBKsUjbjtwpb5ScnoeD04zmvTnqjzaejP3k0bURqemWl4qTxJPGsnl3CFJFyM4ZTypHcHmvOasdRosypGpGOaQxjOpwenPQVJRFcIskRUsVz1ZTjimA5MLGG27B79aCRGkMUbnOQelAFC4mCkMOQMc9z9PencGDuDGDg5GcEgc1LAyAQVjUfeLMe/t/9aoZSLsXCfLtIPPWmh3NxGy5UghcDnjmvQbMETW/I+YZIPr2qRjg2CMdPr0pAWoSAeGDGlYoUg4O4AY6EHrSAgWItOXV2APVRjmkBHdRNLJyoOOhJ6UNCufnn/wVOMxt/DMMgmNsg+UjhFclv9r5iR2AGACSTxjWCMps+JfhVpK6n4zsLaTc8cbAtzwewFc2MnyUmzpwceaqj7l0rTI4reIIgQIMAAV8ROTufXJG9aJMiqi4BPQ+gqU7iZ1WjGa0ESQnKKdzMeSTXsULpHHM6rTdUnnDJPEN2ep7kd69GLZzsq60bx1lVWJRvbgVhVu0XDQ4mbSbuKZ2bOM9D6V4VSNjtizDvQHLbsrxnBrjNj5v/aW8PreWltewqu9DyTx+XvX0uV1NXFnj5hC8LnyvJiy1e3uEUMyyqwSQlc4PqCMfnX1Keh80tGfuh+zv4juvFvwR8JarqJna8msoxJJPN5zuwG0nf36d+fXPWuOa1OlM9IVsLz8w7DFZ2KJI5BJ1xgDtSGNa3jb5mB46D3+lOwEhcFBj8iKQijct83brg47UAQXqRmJDtGSOq9aEhkDuPKKjIbZnPUfjSYIzS/7q39y4/lUMsuw7kjAXAHUDpUksnhv45GXbOpYjGQckV3tmdi356ZdTOu9vvc80XHYnS8VQsEboxAywP3sUXCxbguFBA3Df3UenrSuMrNfgh41/eDPA3Yzz+dTcBBO9vdNID+6YDOTwKVwLMl9Esay7xkjAOeDVCPzX/wCCq9+Ztd8IBPlP2ZywUHJ+Y4O7oMY4GP4j7VrBmM0fMP7POmST+LGcKNsChix5wa8vM5e4kj08uXvtn2po/wA9rGBkn0r5Jo+kTOktIgcCnFagzv8AQNKI8kAfMSCSK92hHRHHUO5t9Ftlg+eMeaRj7vJ/wr0LaHK2zP1CzYxNJEihV4YleBXPU2LicTri+YX459BXkVVc64s8+1y2IYsAfcV5UlqdKZ4N8arO8udAumhjDpHyQwyMd69bL5ctTU5sTDnptHyFrUS3F0u1NoR8kHkfWvs4s+Oa1P2m/ZFt44f2dfBgTYm+zEhEbFgWZiSeeRzk47dO1ZT3NkewSIqxhVO3vmsWUhlrMkbHODg9c1KGWfPUnG4c9807gK0i5yH7Yxxgn/P86WgEF5OpjI+9zigEY+qaommaTcXDxu6QDcViQu34KOSeaLgDyJtch8gjHXis2xoz5whhtmLSARyHJiAwAR/Fnt9KCi9EkbRgli3ocjpTsKxTbwro05BOiyR4GC0bspx7EHNdTRCY3/hGdDsIjIbWaELwS077j+ZyaSQXNO78N2E8EKGGXYOSVmdT+YxQ0IzT4U0lAN9xfxkDIKXj59jyaRRKPDWlXVsXTV9SChiDKt3nkHBHTHXg8UrAInhiCOYM+vam6DlV81Bke5CgkUWsMlvNFs76TKane2qnJ8qNgB74HagR8L/8FRPDn2DwZ4S1SC8nvI0u5YXM2PkJTK4P4H9fatYGUtTwX9lnw+YfDlxq0y4M8m1CRxtFeHmDcqnL2PZwMOSHN3PYrb42+H9O1H+zxOshX5NwP3m9vWvPWFlLU9F1ox0Z3Gl+PtM1ePda3KFlwCAe9ZyoOGrNI1Iy2Ow0Px1LaFFWUZVgw/A1pTquIONzq5fHsl/bvKZCs8eD8vSup4ltGXszG1n4n3kFsIWuCIZDvYZxzWLqykHKkee+JfjdpGjyqs97GJD/AA7h1pxpTnsiHUjF2ucLefHvTZL2Teu6M4UuGzwMnr+dTUwel0XGqi7qa2ni/RJxBIJILlCuV964OWVOR0XUkfFHjbQJfC/ii6spvvxy9uhUmvscNV9pSUmfLYil7Oo4n68fs82+p2fwT8ICNGMcmnxSLkqrqCMjPPUdD61cnqYnoz3evRr8lkr8cF5lGTWVykUhc+IHYt/Z8YcHgC4ByKkZNG/imRiU0tDjAI+0KadgJLiLxTGN6aSucYwJlNOwFI3niZB8uhMzkg/PMoz+p9+1SA+LV/EkIZH8PvvboyTxkfzFDAZDdaxfB1bTJoAGKszbdp4zxz05xmoKRqxQ3RSGRYJkdMhxjqOP8KaEPt9GvbWBI4wNoGfnPOTz3ya0RSbOygj8tMdyc5HpXUzEc0KOGV1357EUCuPNmjewPUGkyjNudHtpluBJa28iyL5R3RAkpj7p/X86SAj8OaDa6HZMsFpDaFpZJNsCbUyzkkhegyTk/U07CuaJj2R7Ske30C1Nh3GiNVXYqhVJzkDvRYD5p/4KHeDJPFX7MmvPDEJJNNljvsFckBSQxH4N+WapaMnfc+NvhRZmw+A+mvF8sktm7BgP4iW5r5/FO9dn0OGX7pHiz/DvVtQunktGAmJ+XPH9f6V106itqRUpN6mDrOneOvh24uZ47uOAtlZkJKZ+v+Nd0VTqLU4Zc9PVHb/Db9pLV5NThs9WHmIxChzwR7muHFYOMVzQOuhiJN8sj690LWv7R8OG7jyjmMN+deNys9O58u/H74qazDcG0sLmSEqCpMRwTz/hXfhKUZS984cRJpWieT+Avhf46+LF88lgJJljPzTXUuF+gJPPfpXtyqUqasjzIwnN3O4u/g54o8GOg1DY6J1aJwVI9K8ydZS2PRp02kevfA0vb2V1YuzFVcbQxzivJrNSdzvjdI8z/aV8NGf4n+HY4FxLqe2MYXq2/b/UV7GXSvTaPHxy99M/VXwX4bHhzwXommpwtpZxQ/MTnIUA9a7nqeYbNvGrXaRmSVXlyW4bbjtjPGeD0pWA17fRtqIXk3OBhtvAP0z2p2AnbSw5yWdB0wrYzTsA2LSNjg+dMwHZ3ODSASfTIyxZZJFIHBDEge+KVguI1iS/+tc/L03YyfWk0BGLLyxI6swbA6k+lTYpFk2LOMrxjkA9M0ykPe0yxKSMi9gOaZRrRkMoOciupmA/PPtSBCZyrc96QyEuySA4yCe1NCZLuDHLR/IpOGPUGmSJO4ypU4P0pDFGXzggZ7ntTEcJ8eZYYPgt43kmQTRpo90Svv5TYP4HBqW7GkFzOx+ffgDTnX4KeH4YlJJsFIA65IJr5vEy/fNn0OHVoJHh/jHV/Ea6oNO0mOa3dnCeaARg+pPYDua2w7i/iNaqlb3TzS98VeNrvxLL4Tn1C5vZJbv7H5MszlWbdtGMnp0PIr31TpqHMjxJSm5crNrw/wCDNRttZdL2wZWspwkzqv3Dnufz+teVXrJLQ9KlQtqz78+HWhxT+CpMhgGhQLnnHT/69eRe52WPmH42eBzqfiy6e0iURWqGSViMKo9Sew4Na0qnK7CdNSWp5PrHj/xN8NLXTxptnDHaXSM0Et9CJiwDYJ8tsqh6HGM8jmvcoUqdW7keZXcqTSR0Wj+MPGmpaTpt3c2Ubrfrvje3UrGQSRiSMfKMgZyoHUdRxXFiIUoSaT2OvDylKN5I9v8AhNoN7bzG4mt/IZh8wPNeDOep3FL4r2dlB8WPhlqmox77GyvXkuMSeX8iNG5O7twpr1cBU5YSPMxVN1JRSP0W0uyW88NyWpnuHs54QkV157ee8TIMPvByG56jngGvZvfU8KWjsaEJMc1kAQRhtwPOOcirJOkh+aMce9Ax5we/SgoTBHUgfSgkZt+YEcfj1paCIzHlvQ+1SWQyAhJ+m7GaGhomhkYFQxBBFSWgdFz98J7HNUirl1ckEBRjFb3MRwycDOD7UiQRSiHrySeadgWpRllKXAOSOc4wcce9IouQSEoxIyCxOaoTB5Ao+bGKCSNWXkoSM9+uKAOV+L2mnWvhP4ysUw8k+j3aIMfxGFsfrionsbU3aSPif4PWgi+HXhhGQN/oEHBHfYK+VxLvUZ9FS2LXxA8ARXVgklvAqzlt3AwPeudNo6keaw+BDaeJBqyaJp76nni6lhR3HGAQcZzjjr0rrjiKvLy30E4Qb5mtTtrrw6yaNcy3FvbLdXSBHaCAR5GcjOOvU8n1NY1Jsqx6B8P1ax0CaEsWUQfKvYYPWs4tiOQg8OrqWsakGiXFxjIkXIYggjI/AVMHaRRwfjfwDeXrC01bw7p+pWiyZilW2Vtuep5BxxXoqtUp6wZnKMZfEjW8D+AZrvUbNJLRobWBBhWXC8cAeg+lcc5SluPRKyPXz4fttPg8qOEKuMg46VySi7k3PC/jb4ZbxBrPhizjQkPeurEdkKZb/wBBruoPlgxR/iRfa/5H6GaZD9k8P2MfleWY7dI9uOmFAr6WOyPk5v3mMhVRJaPnLnORnpzVEnRRz7UAY4/GquA7zd3CnnvjvUjYplCnGOaoQCQiMkAbuwqSkKJTu2kDnvmmgIJoBIJQ43xSDBVjxjGDSKRLGMKAOPl4osUEmN3U/hTsUXF3BTjtWhmwBKnPamiB2fkFMZRnZECrIy4MgOG6UmMW0uNkbAcg8ikIbJPJMFG3aucZNBI+IqrEMCSvfNUFx9wqXEMkUqK8TqVZWHBBHIpPYcXqfFmiaWnhsHSAABpsr2YHTHluU/8AZa+VrxtUZ9NSfMkztrKCDUIdjYOexrKKOm9htx4RtWAZIFL4yQg7VqodhcxxvjmBrS5trHbsZmxiuaa94tbHUeGNPW20O5YgZCKo/OtoL3SW9TlJCbDWkIxy3fvXI172hp0PUIvDME1rDdsgcOuWUjkD1r1YxVjlbsyObTILSIyZVASdqqAMDNYziUnc5bVtQRMjHT3rjluUczoWgQeKfE9nJKP3kM6JGh7lzj/D866KKvJIylLlTZ9e3EuI+mSe4GQP8K+oSsfKPcy4FIuYfl4KnDeoyT/WmNG0kxA6Zz6UrDHB23DoSaQE24seTg1QAPkPP+FKw0yUS9BtzmjYYkp3IUPAI60ykMQCMIARgKBzQMDyT/jSuUi6r81aM2SKwz6+1UiRGZiOoUelUIy9QBd1L4KhvlAHOaljuMtZ0t1RXZVc/L83c+lCHcnadfMUYIXqTikSWo3WbJUg44IHY+9WJleC9tr0N5VxHMoZozsYMAynDKfcHgikxHy38X7CPQ/iRfiAhYrsi4GOgLD5v/Hgx/GvnsbHlmfQYOXNAi0e9jMQO7Hv615ykkenY6/StXhiX7w3c4JGe1dUJpoyaZ5j49lbU/F9rcRMGRDuf8T/APWrGWsrmsdEdxoRzod6rMN3yEfrWy+El6nnfii2uDeiaBt3lEMyjvjrXG1qaI9b8JeLrTUNOhjbACRgYz3H/wBavQp1E42OeUdbmP4k1uFXfywwjzjAOe/BrnqzRcYnAeIL3ahIP1Fcd7jeh0HwFsU1HxjFPMWzC5YAngkKSPxzg/hXpYSN6iPOxMmqbZ9PMqiI/wAIFfRnzxTDo00OG/h45xUgXYJAVHc+lOwyZt6EbkxnpxSZQ8TFSMAfnRcAa4HTGCPU0DF8w4GTkjsKlj2HiT5zzk460DEmZd4BGc9hTRQjSopwRz9aQxqyvCSNxIPcnr71T0JZPbP8hweTziriyGTrNuGW7cVYjJ1C68q4gwOC39DUMCC3dmRCVTK9d3J/CkMt27meQjaSmMgkDBPpVIRoI0gRPkGMZPOP6VQiI2pEkMmd5jBGSvJz1PtQSfMP7T2n3Wm+L7PU9hFlcW6xiUDA8xWbcD+BB/8A1V4ePg3aR7WBmvhZwmi62GjUI2T/AHTXgSdme4al14hW2jSNGJdzhcetOMhNHjPxq+K978Otdsre2tPtfmRLJKM4IBYj+ldtKKluyW7G7YftHaO+miQTmPdGHfJwPp9fatVFiueXTftT3mqeKGttO07zrV2KiZ2xn3xVTw6jHmb1Ep62PoBZLjw1qqjd/olwoPf5WxzXnO8djS9y/f60qxFiw/E1zym2VY5TU9cE0oTlienpxThqzKeh7b+zxot7Ozag9rJZ2UKuFnkTb5zk4+XPUAZ56frX0WDpS5udniYyquXkW57tNIPs7HcAPWvZZ46MiORTe2iKoI2cE/Ws7ldDbtnXAwOB71QiWaR8jk+/tSAjVd/Kn5uvWpHceM7uW5HtTKJgu7B659aLAPWMICc8+1OxSEYM6ZNFikVpBIG61IzT8sSDn8MVbRI0ReSRtOAeMGqRLFdyQcHAqybmJqUe+cZGCAxAJ/2TUSGO0+JWhYsMjODk/lSQzUtdsTbVIXIzjHPvWiJZcUjGcn6DvQIaRtXjgelAjxb9qjTTd/DyGZR89vdo+fQEEV5+MjekzuwkrVEfK+kXDQxliGPfPcV8lPc+niyzpOtwPqRnmB4O2MEd/WrhEJOxB8TPhrafEa1W6SYxajHHtjk/hYDOFb2yTz711wfKY6s+UNc8K3thrB0+5t5obgybGtyDliTjj1zXbB9SuVn0t8Mf2fNL8M6fbX2p263WqFFlKO2UiPUAAdxxyayqSbE4tHba94ntoZ1tLp1y+cE9a45Rugu0Y13cebE2DuCjHXgiuFrU3WxgWZe81FIlyBvACg11UI3kkc1Z8sGz7/0PTU0zR7K0HSCFIwR3wAK+zgrKx8jKTk22WbjAgY7hwCSKciUYEpb7XYpuKM0BXOMn7w5+tZGnQ24pTGyg7iSe1USXjKG2kn260AGQj8fiBQApLZBwSCeBQBYUkMQWU+i9xQNCs/GBj6mgoYswkXpj2oLTGkIxyT+dBV0Wo5SQAxy3rVmRITuxkcdzTQmQu+GIXntgVQIxLsGW7dmkOFjb5AOnHXPWpZQtgsDWyThmOeGbJAx9P60IRrRTRQEQhs7RjGckfWrRLLUbA4KkY70xDiVC/KABSsJnkH7SWpJB4KW0fn7RKAM+2a5sQr02jeg7VEz5PsbhI5dvbOOa+PnGzPrYnI/Fe31O8ktotCuIra5UeYWbO047HAq6LSl72xTVzjYfiF8RktRBNZqY0OyRrPazk+oHX8q9L2UHszqpUupetPjvf6LEqX0ZlkGREby3BljbuVLDitlCyOh00UX+IPjLXbh7rSoNRkMhJNwx8qInvy2Ace1S6a6icNLWOZ10/EPWZBrNxdW832FsrbQjLSD+I59hx71L9glyvc8ypBqR7LoOtLeeFbO5JLSSRgkdO3SvGlHUpbHVfBLSj4n+JOkW2MqJhNIOoKp8x/lj8a9HB0+aojzcbPlps+6ggWIruPTqcV9Qj5jcqzFogzFlkXGQgWpkUjHIkebS28k7ir5GR8pyDj/9Wags2GbbwwCt3XOeaBD45fmweaSAujLOCp6/w1YDicE/NgjtmiwAbr5l2qDkHdzyD2oKQ9ZAVzlT3pFke8KOn4CiwCkZPIAPpmkA5pBFGdpDEc1VwWhGZCcguCH6HOKYMljk7ADj0FUSZ9z5MczBpEEpUt5XcjP8uaTALMo8IKn92mVbJ6YOKQGkkkb/AHyjAfd29vyq0yWWBJl1EYXHfP8ASquSxJZlU8kZ9DSuI8A/aduy1ppiE4UFjz+FYVFdFRdmfJl/q76bqPlOQFY71b29K+br0+Vn1GGqqpE1tIt5W331xIHDDYDj7orgO85fxDO+jai15bvkZywPQ49RXdSn0Z2UaqWjNzTfi9ZNaxpcpp7shGHljVmAzkjPeu9SOvni+pg+KPiA/i28S1guITEBgrbADAPbjp/9esqk7K5nKpFI3dA0v7eg0+CPPmqQfb1P5V4s5Nu550nd3OY8QJJ4MlbTBIWiQlU7AVtTXMYydj3z9iyGK+13XL+Q7pYoESMdwCef1A/SvoMHS5feZ87jqyk1FH14SSDg59q9Nnkozb+8jtohJKWwGWMhBu5Zgo/UjntUM0RWYnNk5cphn5HbkUii3azJtkSFJG8r5eQRv46gnAP16ZoAtQkZZiG4PTGKBFpLpVdB90lcnJxg1YCeY6RvggMMkNjcCPegBscvIYkNuUZXHFBSBrlEDbT04IpMYJcqfmJG30PWlcoGugTlTgegHSncWphnxBd7Tt028Hb50wD+GahFoedaumfJ0i/kx0ARf05qhWHrrWpMNy6NeKRjh0JB/EdK0RLQ9J72bzHk02VZO4KHJ9s1LEQm+1ZpEEWiXLRDOd7KB+HOc0kNEy3+r87NDmVjyA0iD+tMGiRbzXZlG/TDHz1Ei/j3qiDI1/xVceHYEl1C3ECucIGnUsx9gM8VpCDm7IylJRPl/wDa1+JMuueBtSuLNvsMtjDuinEgDA5Gcc9cZHAr1FhEo3ZyOtrZHxD4A8ZXJtXm1a/kujc3QijeZyxVtpPU+vFeNjMMpxutz18vxPLO0up9L+Atct9U082xwysuGyc8f418XVi4PU+sUkyTV/Css021dsh7Z6kVClYo5yX4H2F9J5s9mpkdiWbcRn8jW6rySKRrWHwqi0FC1pBGkYOQAf61lOs5Azq9CtovD8ZupGxKq4znnmuRu7IbPFPiR4piv9Zfa+7BxxivawtJpXZx1Z2PVf2VviHH4Kiu9YmIeOd5LIR7sGRs5+X1IERP0Br6/DYdzp6HyFef713Prfw18S5PGqkaQI5HXl4ZXEUg/wCAsQairQnT+JEwmmbn2bW7mXJs7ZU4O15QRXGdCLy2WsfZlQraGcE8mTgDjigbJI7XWE5kNsQDlcyDgY9c1QiSWPVsfKbYf702P5CgYRW+sMAHe1Ycjc0mQff7tADjYasqkfa7NE/6Z8Y/Tn8hTuIrpa6yF+bULJRk4UKxOO3P/wBalcpCeVqnQ3lqR6ruA/HipuMR0vkBBvrdRz8oRj+OaLloqS22pSNn7dA4xwcEUuYdjoVvNQkBVbdh6sX49iBmtbBcsxf2jMdq3KxDr8wJP061SQrkn2bUWLZvY1TPHysxP6jH607EtkTPdQL++dXJ/wCeeev40WJuQbL+4kPlukMfT5ssT+HGKVguMuJJIIWlubvy0Tq74RR7nP8AjVKLbsiXK25wHiz4qLpUZTTpDeXGMCWQER/gByf0/Gu+jhHL4jlqVlFaHivibxXqfiyeK/uLlnkjkETgdEUnghegAr1qdGNPSKPOlVc9zxD9o+/vfEsdr4L02UJLfo0jsDklEUuQR9QMepIrocboz5tT5T1jw3fRfC2fULcjy9J1OOOfacMC6ZV/pnA/GvMqU7nZTlZpo7b4UfFOWFYXkk+ZABKvqO5r5HG4W7dj6/CYnmjZn1H4Z8cWV4I7gSI4KAda+blBxdj1oyTOnm16xlUHevTOARgj61mzS5k6l4ztSn2dCAq9T1JqbNibseV/E74mW2mWZtbaYPcN6H7v1rtw2G53zPY5alVI+eNZ8UykSTLukmbKxgclmPA/Wvo6NLmkoo8mtUsnJnqGvSn4czfC3wtMzfaYJkvNQ2v95pH2gg+waUV9pRpqmrI+SqTcm2z3fWfGUvgzXba8UXAWQKo8mNkETcZZnPToeMZ/Ot5RUlZmKm4vQ+pPht43XxDp0Candpb35AK7pBsnB6FcgHd6ivnMRhXCXu7HqUqvMtT0YWJj+ZHZsdia4WrHTcetu5yXKnHdR1+tKwx62AB3FmHAHBosO5L9kVRhXcZHXOf50WERpbDZh8yIwwd2OKQDZIDgKowM91zxQUjOuYzGAApLHkcYH41Ni0ElnHJtcEArkgsuevX6UmBVdXLdcfQ1IzsQwBO5enANdbAPNzjK4+lAieHPU96ohkjxr6ZJ7UWuTc4nxP8AEiw0Mvb24W6vVHzKrfu4z/tHv9B+YrqpYeUzCdRI8b8TeNr3V5me6kMqqCzYYbIx6Bfp7c16lOgoHBOo2clfztMrXIuGKFc7WVuB9M8H8K7EjnbuZtsjWtmqySK8LHzC6jrk5wBWhmeNeHbV/EfjTxV4vk/ePaSNpmn5yQvGZDjv1UfnV2DY881jwnb6GPil4WuHDzXsVtc2IEbYb9xIzYHIG3Z39BXLOO5vB7HzR4aupbYhomKsDxivnMQk3qe/QukereG/iDcaeiCN/LYdY2PH1rxKmHjJ3Z7FOs0dY3xXvHhI4Bxz6VxvCxvc6VXZi6h8SL7Y3zbOOuetbRw8F0IlVk0cHf6hd6vdtIzs5Y5JPU11pRijn1kelfDD4P3OseJtDm1FGjiE6XAhPUqp3ZP5Dj3rswMvaV0kceMi40Wxvj/UX8bftH6fa5ysV/a2i7QTtCupcADk4JevsInycj6b+Imii58I3xDu1wtqxjJJwMcYA/I1oZnJfEm517XPgBZajoF1Imq6ZNFfho+PMRASycdsHOO+0CsJxub05WPdPgV8f9ZvvCejvcodTiltoyQx3MuVUn5uvXPBBHvXm1cMpao6o1WtGfQ3h7xppPiJUW3uRHcOP+PeU7XB9Md/wrzZ0nHc6lUTOiXJGAxBFYNGtxyMXXOefQipZQpcMhRlyD2IosMbJuBHzjjnpjigoy7xNzqwLdD3qWNETL+7AypPop6+lQUVmiCnkgH0POKkeh2XmK4C8ZPcV3MQwKvIzg+tQJliMlIx3xVpXM2zx74r/FG6tb1tH0gbkAIubmM8g4+6COnp+f4+ph6F/ekcNarbRHk11qK3lnE8blBKdq57Hk8+o4r1IxSPOlNsp+YLBXCRsYljLtLkHLd+ByT36VrYzvcTy4Z41kVE+0Mm7Mi/Njrz7ZoHc5Txx4mj0TRtVv5CUNtZPsUO213PYDpnrz1qkhHM+B/DR0rwX4csWzHf3Y+0XEnU5YmQ5HsSB+FaENnL/FWxaw+IFnNHC17O9sS8ZYBpI1R95AH3js38Ad64cTVhRhzT2OrDU3VnyI+bdT+FNxpD3bWZ+0JCxPynIdOzD2IwRXyuIq8s3Fn0+HptwTRmWtpFLGFcc+tcMpdTtUDQ/s2RVUpM3TA5rFyNeUjOkvI2XbdnrntT57D5D1D4RfDEa1enVLyH/iW2hzz0lYdq8+viPsxN4Uz1O315PDmsvqUnlJD5qWm+RtuwOG4Udzhf0r38hg5KdR+h4mbTso00eHfs72dx4y+Nx1mSF5/IlkvGxjPmMSR14/vH8K+zifLyPsjxBYR3kCicZRomLRykbVJHH0PNWjFnnPwiEl94D1rQHPmvA01s6ueVCkgfXgd6iRS0Oc/ZS16+ax1HQ7g7bzTCITET8ygNtP4gjH41iaJ6n0RBczWEMRnuQZVbmUHZuJPH0PI6VEoKW5opNHWaF8ate0y98nUIYruzRvL3SNh2xnow/rmuOphYtXRvGs0e5aTrMGt6Zb3tsW8qVcgN1HPIP0NeRKNnY9CMuZXLgYbSTzWZQ0fN1XJA6kcfgTQMy79y6Ns+8FJ5OKhjQPlC2wEHAzj6VJZGyAEZzn2FKwzp9gUDHGBXWxELsA+McZ61AmcT8R/Hn9j2r6dZyhLuTAkkBx5YPbPqf89a9HD0ub3mcVWpy6I8VuJg935IjfCLuMgICjPbGev4V7cVY8ucrnLarDGsuyZfLkWbdb8/NyCP/r/lWqMbFwzC2hkVtyxIuTLIQB69f1qgsQXjxCCW8gZI2MG4XBXIK8kZ9RzSYNnk/j29k1rwnoemRBWuvEGoK7L/ANMU559iBn8auJNz0O3sFbWbh7dliktoY4g+3dhj7fQdKt7Enlf7T0t1ouh6T4o0x1e/0G8UzAcHy3BT8MlhXmYygsRRdN9TtwlV0aqmcz4PuLfxBoei6jFsLPaJHIFXjKjbyPXjGPavls0oSio1I7LRn0uX11Lmpv1Oe+IPwhubVn1nSYDLat80sMY5Q9SQPSvBjW0sz2+VHBQW7jKFSDnGCKbkilE7fwF8MNR8Z6hHshaKz3fPMwwMe1c9SqkrI0ULH0hdeHIvDnh6DT7KLy4o1wqgdTXnOV2XoeUfFOxFp4RtjOp2wahFMyjuzjylHvjeT/8Aqr9IyWi6eETa3PiszrKpiGlslY1f2Y/BMGgNquoWNuGtZLmZoyzYZYS7LGCT1wiK3/bQ8170G+RN72PGqfE0j2C/lhkv5PNcPDsYEOBsA65/z7VoiDzLwG8mi/FvWtOiZTBfiO7TPKlWXDkY7kihgcz4Etbjwf8AtF63bDYv9p28jYC7V35ye/dlJ/4FWTQ7nvV7hp7YhY2uPlXJ9ME9fTNBVzO0i4k1fWpU2jyYmyTu/i9P61DQkz134ffEF/DrGyuV86x39VOWT3H+H415lejfVHoUqltD2i0vI762SeFlkhcZRlPBFeVJWO5O48zjGGJ+gNSUZly2WkzkHbnbwRjIrNmhJOWZgI/mPGST0FIENO4gE8cdqdjRHQSZJBwee1dL1MjlfiJ4l/4RXQpLiOVY7iQbULHpjq34D+YrajT9pOxhVnyo8C1HXrgzRT3EXmox3ySnJYE+x+vNfQxikrHkylcr6ZeR3d/ebbgTqcNhcYXjPGPwrSxhe5Q17dawBi0k7sAd+BkYbdk9gAAf/wBeBVoQ62kWclHjYr5a/M2CrcfX+eKbA4r4s65cQ6dbaLYAm+1qdbJGQ8xqcZbHfqfypEi63pdnpni/wrEkA2xbraIjGVjjhY5PsMfrVolo1tN2W+k3F9Bbiaa7uTKQpAZwDgcn0AzTbGUPil4UXxp4H17RSqlrqD5SeisMFW+oIB/Cs2roqLsz4++HPja7+FQ1PS9btXlS1LHy48MyHGSBzyDx34zmuGpBSTjJXTOynNxkpRPRPhb+0/HeX8sfiTSks9CnfZHfQhnW1HQCbrkE8bxjGemOa+SxWVxs5Ud+x9Rh8a2l7T7z6OX4V6BqxS+Wwt5DIBIJEAKtnkEHpz618pJyTsz20zrdK8NxabCsVtCkKAY2qOlYu5VzN8TwxW6qG6nrk84r3MqwH1yrzT+FbnkY/F/V6do7s+d/izfP4l8FXcNtbOL9tTe2QRgks0csixAAduB+p7V+nRioqyPiLtyuz2X4a+Gv+EH8BWdiVaWZgiSMDyDtAzyegAA4oYt9TXjsCsT3E5wSCrIBlW9/X8PfvQhHl/ilG0f4reEtXtlUreRS2LBmKgYIZc8e7flTbGiD4m6SNM+MeiakrPHHcpuDI2CCdoI/Nc/jS3Jadz0W4dLPxFAm0IA5G88sy+Xlfcjr+IqWhkXhO+0+Pw/b30E3mrMzSrM+V81iO3rnPFQxo6OLNv5gEIMrIGL/AN84OKzaNEzuPBXxEu/DOLQxfare4cBUd9u1j1wcHH/1q8+vRTXMjspVNbHugWNcsRu4615LR6KM++eLJOzGRzt43c1k0aoAVG0DOAQc1IxzHJ4I49aoZtXNwlrbTXMjhY41LsT2AGTXUlcxbPnrx54sm8S6gJ2ZI4tpWGPP3R/+sjJ/lXt0KXJE8ytUuzm3jguLJGu2XYNrPg7Vz05/E13o4nqUCDYSOo6xn5V77D1HHvz+NUZkd5NDHpbG2jLwtF5cYi5GCpO4n0xk5J5+pFAXCzmWdZLdkdUREXcVK7gem09/w70AcD4ejTxV8XJb5NsmnaNE0EW4k4k6HHqepp2JLXjC6RfHVqpldxb6bdzRLt4V90SYyPZz1pjZ0qWMWiaPZq8rR4jRT5jfKD0GM9M5oEWZf9G1VHkaVxcBVCgFgvGOAOg7kmgR4v45+Aun+JNbm1NWKywy7LuIcefCeVPQ4YdPcD2qXFM0UrHnel+HrTwpr/ibwtJaxm3sZVvYoCCyvaSqqzIM5OACnPsTXnYuHJHnifR5U41pSw0/trT16HtX7KXiifR9Y1r4Y6pN539mj7Zo00jEmWzbB2ZP93cpA9Cw6KK+QzXCLTEQWj3PUwtWSboz3ifSMtvHbQySyEJHGCzE9AK+ejSc5KMd2ehKainJnll/PJrmrSTswW1BOEI5xxt5/wA9a/TsBho4WioLfqfC4uu8RVcuhxPhTQpoPEOow39sCh1B721mjGVKPuIB44KnzB6fMtekcdj0xIILHT4oIlYKrYA5fGfXr+dQxpCRxma3jldWWRQVMQbK5pITPKfi/F/oPh7Wk80JY6tA7bUIJRm8sjaRn+IVQka3jKxtNTfTdRng85rW5RipyCAw+U49igqkDZqeJrYLf6PqcTBcTxKxUYLqcoQx7gbwfrSYkyHQ9IOhWVpooA8lbuSbkjG0ytIcAdAOg/CpsVc6i0869vrjzgRbFV2EAjORgjPsR+tQykTsHa+KkMixKOn3WB/wx/nNZSV0WnZnuPw48V/8JFoxjmcvc2x8t8n7w6A/pg/SvEr0+Rnq0p8yOgu5NyNuXAxgFeo5rhZ2Icrko2c4A4GfakMgAlkyc98ZzTSKRV+KPiddH0c2EBBurxGXnnbH0J/UD8/SvToQ5pHDVlyo+fVuUu2MbIzHmOQA58njPP5cHvxXuRWh48pXZQtNSi067GnXiBWija4SQgbSqkc+u7Jz0rUi4zxRdFFimhVpt7KoEQycE/e+gHP4Y6kVSJkyC219LrQDLL8sjK0RiOCd+CGXHtyfZeegp2JTLMMv2TTbiULsWKAEAnpgHFITZy/h4x+HvDNteeUrajezb1aRQSryfMcfQYH4UxJlZpptb8bXcMymJ/ItYdnHO6WVnP0KwqfXkZoKO61BHmZ1uBGUzhFHOV96CiKa5kN1EfJKRoAFfcPn+g68cdaCSG4sJo9WMsk/7qcHKqoAbjgN15HqMUwPBPi1ZR6P8T/CPiEy+bpmoxSaPcOmCvJYDPt+8z/2zNRVpqpBxO3C1XRqxqLdMx7rU5fh54t8C+M2PlyaLf8A9kakV6tASQOO/wC7aQZ+lfPez9vQnQe59dmNqOLjiI/DNX/zPsT4j6x/oEGn20qq85Esh6gxg9Px/pXj5VhXz+1mtjgx2IvDki9z5u1D9pTQ9L1WXRPDGj3XinX5ZTFttyEgZx8v+s53cDqBjHevsYs+ba7npvgG28RS2X23xPLaDUHRVW1sUIjgAHQuSS7HueB6D11IN+1vLi2mT7SY97cN5edp9OtJgTos8d4VDiOMszBcbt47YPapA474z6Zc6l8PdZW1crPbw/alULks0REgH1ygpisZ0Wof2p4iWB41W21TTkuLVw+d5UiTGOxw/wCIppkM0dX0uWbwu0ctxLNi8hbzB8pRfNQYXGMYHP4ZqrjsXNM83WtRuHL7FiJi4HJXdk/mAOfQmpZVjpbcvawSi4KKiOwV+g2dvpx/L8KljHJcI9u8yNviYblYng8Dp7VAzS8CeJ5NG1u0uNphhmZVnDD+FsZ7duv4VxYiHNE6aM+WR7df3AMTOCSMqcqeuTXgyVj2Yu5dibdCpHcA59aksfIrFuOmK0Q07HkXxG1d7zxvdQmQ4jURpGB0Axkk9uT+tfQYaNoXPHryuzi57D/THa3VklUb2Yn5XyTlff8ApkV3nnMo6jI8kc5mt3Jt0DqyqxOcE4Xjnp2z1pklC61F49NjvZI5MxoGeFBuYcZxgdaoGZd466DHfsGHk3kMmwE4G8ISuPcqMH/dFUQO8Q2yt4cdbeaSBriZdxBzvAAUjnsQPzoEUWL6x46ht4WX+z9DhUSg953GVHp8q8n/AHhQBS+HsT6hrureKpmMcdy7zKGGSYQPLgHt8il/+2tBaN5bi48RXqyQXDRxI+coQQwHUfQ0AzbvojD9m3SEtGdxCn26UmK5buIBqdpbTp5sboSyqwKn0wR+FIZ5N8c9FHiv4c6rpdvbq15aL9ttZEbnzIssVUDqxXeMDnmtEy4nmsW74keDmhjKSTa/p6zKQeBewn5scnGSvp0PtXi29niX2Z9pKX1zKVL7VJ2+TLHxG1Lxf8RbmPwH4XnkvBYWsNtrGrA7FJAVPLL9hwSwHJORjg56YwSVoo+UlN3PQvhf8C7D4V6elzb3BvdRljCXMzRgDPUhD1VenHfHPtuo2OdyPVNNgW6EUgllUxA/Kr4Vs8YI71YkR65Cl3biWKZ1MDhiYX6kfwn1+lJlXJdOvhreng28yrPE2QQc4I6g1IEd7FbRabeD7K8iS586GMFixb5TgUAeJ3T3Wg6F4PvIpMzaPevYu0meVRzF+AKgfpQS9z17XNQii8Ly30WxopEDNvfGO+cdyKaAq+Dt6+DYbiFGguLmNpwszbipOSAT+VNiuajXk1xLCigb3IG0HhR1J9//ANVQykXGt1nkSKNjGluwJXB5GCMdv8ipGK8K+eqhlyh3kEkMB2Ix7is5alR3PW/BGotqHg3dy5jkMPqQAeP5/wAq8DER5Zns0pXidfbsFiUIXP8AFzzXKdZYeeHI3OM47tTuB8/apqUt5qDXksoTfKTM0g65JxznjJxX1sEoqyPn5vmFm3PJHiUIgO58AZYdhntyc/hWhgyjd30oAjtovOkaRV5PyhSeWP0GTx7UxFK/iFtOCPlRucHt7VSEzi/iFMdK8LPII2mhSSNhkhmxuAPJ9ifwzVozZahvIHtIfOYR2lhG9xc5UhV6t179CeKGSjG8JO194ILtcLBq2vu1w5Vvnj84jt6pCy8ewoRoal/dpomlWmkwFRdX8hMcQUgCJcKo9gFC0DR1nh2zt9IjisI02zCMSYC4XGfyzQIL2OG31VEhiIEuZGIHy7s8k+5/xpCsWBPONSZFjBtwo/ebuQeeMenT86RaIdahtby0aO5tzJHK4QFByD2OeoxxyOlUgPk/wGt/o1n4i0nR7gW9vBrs9pZ6hOAz28RBVip4G84jA6csTXlZjN0KTqwV2j3Mumpv2MpWi+nc99+Hng7T/DPhW1061SUxNK0ksjbg0rspBZj9D/KtcG5SoRlPdo4MWoxryUNrncQR29pDFYKSCUwqsCcjHTPrx9a7GcRDYCPRmito7d/LZtoESFguT1PoOetSUi3dmKyt5XS3ZldtzJAmWYnjOB1oEzkXvI/BWtSTSDZbTsC5QE5PAzgdaQ0dg8StcC6WRjHKvzLn5enUUgueTeONLFvo/iGF3VY0uku0z/CX4P05A/OmiGWFmuLz4d3CNMbkzeVFBCFAKl2Cbcjr94VQXOz1EHTrXT7K3lCKoUNuGcxquMf/AF6TEaeiR+a7XHBGNqg1maIuQ3AdfOlgW3k5V8nJAUnHOBxyT+NSykiK5uGWymdpUIc/I2MYX0znn61JaOk+GniB9Jb+z7glLe7Zc9P3b9j/AErz8VTvHmR3UZ2dj1+W4ATcZNqMRyB0xyM14rPUQonjVRtfzARncO9FxngUkMdw0ybBIudxLjOWHOfw4r7FHzg+Fo9Z0t4Z43iEilHR8BsdD69aNyGinq80drcNJDIrPEB5iqRxxkZ9OKom9jA8WTXGq+DlusNaSLtkljjbLBM4YZwMHHcdOcHoapENnM+MhFN4fuZwQ0X2crvkJIRevfp0GfpVolmH8WfEDWngPR9EtI5Gu/EQgsWmTrGrbQ3GM/dLdPc0mEVqek21jZ2ujRXb242wKcKijI425A6Z28fSkWzltDu7nxZ4lfVYYAYYB5cEMh24GOv146fyqiT03cUikMQDSAEhScAnHGTQBjSiW9nUGVraVsZKANt9cZ4oAlkZmlmUSbHIwGA/XmpsNlKa5uDaRrIweWMncQMZ98VaIueZfBfw1DqXhaynvbKKZLy6l1KcMSMkys0ZGMZ6rweOKmWpsnY9mvbfET+WgkZWDbSeT8vAB7dqlEu5LA8mxDIhSQqCUJzg+mRQxJlXTZ5nO64h+zyHgpvDY59RUMZZiadpZvNjVIwf3bIclh7jsaEM5zxdpk2qwP8AIvlxrvSRW+cOCOMenXmmBV8FeKV1OR9Ju4W+WMkyN91uxX681ArjPFunqpvYUslntZbcK5PIXByBg9apAzkdDubdBYaXHL5b/bFlZB1QL+8HB9wKoi50Xim8Y64sqyj7NFbkSL0OSRjn9PxrNsZ1mmgtpNv9iYRjCMuRwU4yOh7VJSZJNeNvjURtJvcISp4A9T7VNi7jdQg/0VIxGfJLbDsz8oPHGKdguOZvIMYLEHeOcZ+n0rOceaLRrCVme0adolxqml2tzJqz7Z41coEHGRnB9QM18zKNnY96DukaLaRPDhTrbLx0W2A/rU2NTxsxOZy7MDHgBVz37k8envX2DPmU7mczz2msSK2wWxA2AZLZ5yT6Dpx+tNITE1owR2fzN5fnyADnO5yOn5LVGcjA0m+W/F3pMyMQsWC5A2kNkY+vFMyPN9Yil1XwFrGlyXDCW2gkjbnG47WXnvgMM+/Q1Q72M++lbWviroVi53x6JYvcvt6eayiMY/76J/CmNbXPSvFuozaZ4ahtX2CZl+YR5APpj8Kgpaou/DrSZNK0WIzlfObJYquOT/h0qhHTossAmeWZXQkmMKuNo9D69qEJmPZOseotPLPtSXCojkYB54Huf6UwGyxQ21/cXDNsLD94zN8oA4z6D60AyjqLbQ99FcSPD5RDJHgqwxkMKokrfDPSpNK8N2lq8nEFvFCq4xtwqr+eVP51DNLnXOy6dEXeZynmFszPkbT2B9BSBE/lyyXEUkVwv2cbsrtB3fj2walsbKl1azOVaOcwsHDN8obeOePbt09KhiRYnzPbSKshiZl4cdQfWkUQqv8Ao6wu5kYLguRy3HWrA8r1awm8MaysomkYFsiXjJPPpxUsg7S2ubjVtCLXpjMpQl/KJ2n0680IGzwPXfiWnh/x1pE8iNHZi3uVVmU4c/IB+tDlYSV0db4b8V2njr4f+IL075HjZ42Ynk4AZSvp149MVF7ieh6doUZtrPT5UkYPFbLCybvlbhTk+/Hb19hTsUma0M7fbIlRA0WxtzAfNuyMc+nWixZPOZJzHGkyRShg+0nkgEZ4z0/+tQxEdy9zEqBTEx38g5zjuB6nFS9ikes/CvxBHrGkSWpIS4szja+RlD0/I5HHHSvDxNO0r9z2cPPmVjsmtXJGAQMdM9P8K47HoJng9tbpM0Lm4ad7fkOdpySMZOB1x6Y6mvr2fLplHWory4t4nSKKOcTAsSxbCBuSOOSQOnv145AbILkx3UcRkUNJHkoxHK9QcfhSJZy97qC6ZqEd0D8shWLEffJwPr1poho8u8WatLpvirWRCY47Oa282RnA5HcDnjnJJrVGT3L/AMLLT+3fGviDVVYqj3sduGHO6OJCxH0Jk/SmylsdZ4jc6r4wiXzitvCoUocbc+tZmiPQILSOBIJSWBjHZsDoRyKAF1FY7y0CksRvypRscj6VRJW0gwX8LypsmXsWGRnpkZ/GkxlF7yK7uriBF3Mh2srLgf8A1+h/WhEsjeGIJJp+7y3MWQqDGF6cfmKtkIv6Jaw3Kw3IyWVmIIbjknr/APXrNmiL5liu4HGRJGsm1gOg5II/mKllIbb31rpRgs2IgR22woFOM56D8TSGWRHHZxyPJMcFtxaZ+Fz2BPb/ABpbiRGLVYJribewL9VLfKMAdB26UkMpyQ299Pb3iMXaEttZXwDwQQcde9aEnOeM9Mh1/T2khk3vbSZ+RsbXXqD/AIVLAy/DWoNqFjJYi4aGQADfHgkfn+NJCufOH7S+qk6vZG3jmdNLlaCWTbiOJ3UHYDjqdmaxqaGlNXNX4CiWPwg0MjSFbqY3Mq9vLGMD3yQPwJqICmj6F0a7e8klbzSLZUVVjI4BHUj/AOv14/Hcg3tPvZ5Li4WSIpHEwEbq3DggfrnPt0564DRamlaeVqEplUNLJbuUOwH5W29DjrwR1rhq4ujR0nKx2UsJWq6xQ+9t52kXfZyPEBvD7hlWBGBgc9M/qK4f7Wwjduc63llda2Nb4e64lh4wsFSRRvLRTRMcEbhwcdeu2nUrU68OaDuKlTnRlaase6tIwPAHPPzE1wHddnhEemQWxlcJ++kO9pDjcemORjtgfhX1t7nz9rGdJe3A1LyfJL26JuMp4IJI+Uevck8fj2CHoUriBZpZ5EldVdNu0HAXr+INAjzb4heJrbwN4ZmmijZhblIUVOu48D6+ue9DdiT5gh+LN7rni2OK5XEcsojJJ+6hPPH0zUQqXdh+z0ufRnwi0mHTvBUepSlklmLX7HeR87tuH4bQBiupmZ03gizt/EHm30+24SZiULcg4JHX6/yrMtHfw3UE81xbhg7x4EiYIwDnv+BoBlKWeM3QtI0dVRC4wMIBn1/pRcmxJCWsjFHHAzJLnc6kYTHr9aAM/UJJrefzIoPPbP3AwH600Jlm4YmaNgc54zVXIW5Z0uS20yytbYHyTJu2KAcE55/nWbNUi8JEhTAXAZuw6nP+JqR7ECSeescvkPCck+XINrDBP/66TC4+K8h1NJ4JYGPlkBklQbW5OCPXpSQxz39v9s+ymQC48vfsYfw8856H6VaFcoyzLaBUigO0vgLEuAMnk/1p3EVNQvobezmLwlh0ZY0yWJ46d+tIbPOpI4vD2qTXsMwjV/mL9sAcA/40iGeVftN6tZx+Hb+CJ43a+eK5UoQd2WUZ4/3GGaxqfCbUl7xleAfFStYQ2cLLHuEcUe0cGIKEIB9RyawjIUlqe0eG9cb57do9rIFw3Zl5wfzBH+RXUtrmfkem+Erf+1IIriQMkTKGCsNp/Edq+MzPN7N0qD9WfW4HLUkp1TvrOGOKLYqhR6AV8ZOpKTu2fSxikrJCXECuGB4+grlkXY4fxlosl5bl7S5ex1CIb7a7j+9E/UZH8S5xlTwfyrswmLnhaiaenU561GNWNmj3bwZ4gfxD4X06/mURXEsQ85AeFkHDge24GvtozU1zR2Z884OLszyW6sHtLqW8niZpJFVASowig9AwGcc5wT1r38PjqOIXuM4MRgqtHVoyNU1eOxmhDs2+4k8uNF+ZieTwPoOT26nivSVmjyGjA8R3l3AlubJlUs+Zmdfl2gHjHHU4H600iNjy/wCIVjB4h8OzxmV47sjCx7vl3qcrkf1HY0prQEz5c+HWgT6nqut3lxuhmtsWyqVywllYocD1Ch/zrGjF812bVmowSR9g6fcxRaVDo0JbzECo8ZBB2gbV5PUfK3SuxnAmzutASPT0htRbuqkcOFyi8E4J/A/pWbOmK0Luqak1q4WOGSTzGCfu/wCHOfmPsMUyWK5lS28yKETy5AEZbaCM880mNF98NEu1QuOoJ6UIZiTG5LwrPGqyk/N5bEjtTIkiSfNlKn2gKwdgI9md3TJzmqFFGpol19q0uGYRvGH3YWRdrDk9RWbNSFpzJBKZojAEmAU7shhuwD7Z4pCZZnuZZ4IRbRiTLhXLNjC9z+HFBJXu55LFJGRPOKjhAcbj6UkiiBtl1LBJKjRsUB2E/cPcH+VXckQQy2k88rTSSxOfljJGEwO36/5FSWkUryC1v7q3nly0sO4RuGI254PSi4WMeadL9bi1l8u7aBgssci/lkH1wam5PKeN/tYfY5PhhCkcUcUqXcToFTHA3AjPoN3T3rGpsdFFWkfN/gbXZYHt44mG+IsQD781x81mXOGtz6Z+Hmurr81mCcHhpEPOPX8zXBmONVCjaO7OvLsL7arzvZH0noEy7EIPNfnDd2fcRVjp4LgggDn04qLGxO+489h1FZMDJ1SBZY2XBxgjNTYDP0fxzqXhe2ayt0WSLeXG8cjPb9P1r0qOOqUociOOdCM3dndiNZI8MAVI5BpQm4axdjrkk9zkvE/hpMfabZF3rzswP09K+lwGbSovlqu6PBxmXxqrmhozyPxZr0VlCfOO3e4j2kfNvzgAD8/1r7ulUhVipwd0fHVYSpy5ZKzPIvGviJNKvRecNDFGVdc/fY52jHsf5npVzlZGKZwHwk1X/hIPG01jDbxbvtCX80hOTJsBzn1OSOfWlSkncucW0rn09JHLHdKLaD7RJDhBG0mB05Oce3/6q1bOdI7aVvsljIwAZlXIB7n0/lUnT0M+waa68vzlCv1YBs4+hoM+po2YuUQC6MRbPymLOMYHr75pFoUrdfbXd5E+y7DhMYYNxzn06/56NDMfW9TSCSJhdeSVcM3ybt6j+H9eopkSKtreya5qkd08LR20QO3d/EeefyqhI6KG5mxarHB5sb8uxcDyxkdu/f8AKs2aDppStvIHAI38BaBMpaILi03wTzCcr0dRtyPpSJLhW4aWZpvL+ztjytmQ49d349KBmJqUF091BAjPDbsrAzwsA4PHyjI6n5ue2KAi0ndq5ddI1jWCS7cu4PyttyevbHsfyNFjX2i/lRjXCWuhWcClpkhydqou/BOWOTjIHXr0qWilVX8qIr6OeG3luIGldghbYu3c5HO3lep6fjU2L9tHrFfieafF7R7nxF8LddjkysioXEToA+VIK8j3HaolqmTGa5tEfIvw/wBJk1nU7i0ti324wmS3Qfxupzt/EZryakuXVnco82h7r8G9V2SuWyh3hQjcHOB1/E18zmvvWPZy2PImj6o8J6mssMZyMnrXzDPokd5YuWXk596hssvM3yj+dZNgVLtc5H4dOlIDmb61xcHqeOtZSqqDs2Fj0QvlMDg47V2JsTM25lIV1blR0q+YR4t8WbSMWr3qKBJGQz5HXB/mK+myfMHRn7Kb91njZhg414cy+JHyb4qvZ/FN7cW4cLbWcM1zNg4+WNSx/M4X6tX2lepZI+NhSd9TJ/Zt06/vviRDPZyBRbxO8u7o/Bwp+pH6VrQbLq2SPtrQI3lbzplCOeSEOQOfXvxXWcdie6vLhrp4pREbZjiPZndj/a/TpVoGyfToriO7kJdXtduFTHzBuOv6/wD1+0sSLl15zyxtBN5Kq67gU3BlzyPbjvUmlyLWrlksZljYxSMjKrDnaSOuParFcwdF0v7bIguphMy4xvIDP15I98H8qCGbb2cGmoYYIxG07s+wkncxXn+VAFjR55zaxm5REm2nKRtkD5iBz9Kll3K8Mc2bt5rjzIy4aNNmCnqD69v880xkFzDLLJFsuHt2Vw+5RncORtOe3NSBrySlrfYjeW7LtWTrtOODj2pIGZ97I9lbQtLMrsp+eVsKCPU+lMkqqYb1reeRY3dBuimGDgEclT7imgILfUbe9aZIXLGJjG4IIIIOCP8A69OwFczzNO0P2ci32ZE4kGCeONvX1/KosSznvGUE8mmXUMCJKGUbwTjAHOff6e9ZyehSPir4aXK6d8TdDeLKZv0i64wGbb/I14mIV4s9ei9j69/aC+HX/CvviHBr9lbeXpOuotwVUYVbkACUf8CG1/cs3pXzmKTqQse7QfKzovAWqrcWkbbslsd6+aqRsz3YbHqmlXDsqqoJNczZobkY4wW6VFgILmTjCnJz6dabYGTcBGkJIH45rmk9QOtXmXHbHSvQ6kmNqjERtgmkwPJviUx/s+55P+rb+VdmH3RlU2PlXS0U6P4zbA3DTVGcc4Lcj8cD8q+6qt/uz46SV2a37IsMZn1B9i7y7KWxzjYOK96hseVX3Pq7SeI4scZ9Poa6TnRDc/8AH/B7uK0RJc1SRotPvGRijLFkFTgjg1LGh0Ds1raMWJYkZJPJoGznJ55JbvUFeRnCykKGYnA3N0/IVSA3dOiQyWjlFLqBhscjKvmkwZUH7zxMxb5igG3PO3KnOPSghGyCdrc/8sQf1qepTGkYssjgk8mmOJyvhIkx3IJyBckAenyLSZRpW9xK2p3aGVyi42qWOB8idPzP51ImPvzvnKN8yGFsqeh+7/ifzqkBfEMcVvEqIqKvCqowAPQVQ0Zt2xTcFJUBe1AyFGPmJye1QZsxtZO6a8B5GzofoKwmUj4c0IBfilYBeANWjxjt+/FeRX2Z6dHdH6O/tiop+G3h4kDI1GPBx0/dPXgz2Pep7nlPw3P+jwDttr5it8TPegezaMSIcjg4HP4Vws0Zu2RJiX/PakCIZD++P1qZAV0J5571jcZ//9k=	2023-08-20 15:52:39.331032+00	3	t	f	1
\.


--
-- Data for Name: VisitaTareas; Type: TABLE DATA; Schema: public; Owner: SEVGomez
--

COPY public."VisitaTareas" ("ID", "VisitaID", "Descripcion") FROM stdin;
1	3	Tarea 1
2	3	Tarea 2
3	3	Tarea n
4	3	Tarea 5
5	3	Tarea 5
6	3	Tarea 5
7	3	Tarea 5
8	3	Tarea 5
9	3	Tarea 5
10	3	Tarea 5
11	3	Tarea 5
12	3	Tarea 5
13	3	Tarea 5
14	6	Tarea uno
15	6	Tarea Prueba
16	6	Tarea Nueva
17	7	Tareas multiples
18	8	fasdfsadfasdf
19	8	qr41342341324
\.


--
-- Data for Name: Visitas; Type: TABLE DATA; Schema: public; Owner: SEVGomez
--

COPY public."Visitas" ("ID", "UsuarioID", "CasoID", "FechaVisita", "FechaHoraInicio", "FechaHoraFin", "Latitud", "Longitud", "EstadoVisitaID", "FechaCreacion", "UsuarioCreacion", "Eliminado") FROM stdin;
8	5	17	2023-09-27 00:00:00+00	2023-09-26 18:52:21.454407+00	2023-09-26 18:53:10.709473+00	15.084358979520067	-90.48892751459876	4	2023-09-26 18:51:38.796154+00	SEVGomez	f
3	4	2	2023-08-22 00:00:00+00	2023-08-20 21:30:26.763856+00	2023-08-20 22:12:13.071527+00	15.086527980969777	-90.48451018692275	4	2023-08-20 20:12:35.481417+00	SEVGomez	f
4	4	2	2023-08-22 00:00:00+00	2023-09-26 16:21:28.136871+00	2023-09-26 16:53:10.495326+00	15.101159959566278	-90.3205132484436	2	2023-08-20 20:32:04.147725+00	SEVGomez	t
5	5	16	2023-09-27 00:00:00+00	2023-09-26 17:06:51.936659+00	2023-09-26 17:07:42.027706+00	15.082742944391804	-90.4953648162345	4	2023-09-25 23:20:26.17838+00	SEVGomez	f
6	4	16	2023-09-29 00:00:00+00	2023-09-26 17:07:59.524508+00	0001-01-01 00:00:00+00	15.08216282622123	-90.48442140345374	2	2023-09-25 23:20:53.884001+00	SEVGomez	f
7	4	16	2023-09-30 00:00:00+00	2023-09-26 18:40:29.774433+00	2023-09-26 18:40:48.349324+00	15.080919710525686	-90.48871293787757	4	2023-09-25 23:21:46.252622+00	SEVGomez	f
\.


--
-- Data for Name: __EFMigrationsHistory; Type: TABLE DATA; Schema: public; Owner: SEVGomez
--

COPY public."__EFMigrationsHistory" ("MigrationId", "ProductVersion") FROM stdin;
20230820003306_MigInicial	6.0.21
20230820004758_FuncionalidadPadreNull	6.0.21
20230820012544_AddUsuario	6.0.21
20230820163648_Esquema-completo	6.0.21
20230820170221_LatitudLongitud	6.0.21
20230820185304_ActualizarTablas	6.0.21
\.


--
-- Name: Agencia_ID_seq; Type: SEQUENCE SET; Schema: public; Owner: SEVGomez
--

SELECT pg_catalog.setval('public."Agencia_ID_seq"', 2, true);


--
-- Name: Caso_ID_seq; Type: SEQUENCE SET; Schema: public; Owner: SEVGomez
--

SELECT pg_catalog.setval('public."Caso_ID_seq"', 17, true);


--
-- Name: Categoria_ID_seq; Type: SEQUENCE SET; Schema: public; Owner: SEVGomez
--

SELECT pg_catalog.setval('public."Categoria_ID_seq"', 4, true);


--
-- Name: Cliente_ID_seq; Type: SEQUENCE SET; Schema: public; Owner: SEVGomez
--

SELECT pg_catalog.setval('public."Cliente_ID_seq"', 3, true);


--
-- Name: EstadoCivil_ID_seq; Type: SEQUENCE SET; Schema: public; Owner: SEVGomez
--

SELECT pg_catalog.setval('public."EstadoCivil_ID_seq"', 4, true);


--
-- Name: EstadoVisita_ID_seq; Type: SEQUENCE SET; Schema: public; Owner: SEVGomez
--

SELECT pg_catalog.setval('public."EstadoVisita_ID_seq"', 5, true);


--
-- Name: Funcionalidades_ID_seq; Type: SEQUENCE SET; Schema: public; Owner: SEVGomez
--

SELECT pg_catalog.setval('public."Funcionalidades_ID_seq"', 9, true);


--
-- Name: Genero_ID_seq; Type: SEQUENCE SET; Schema: public; Owner: SEVGomez
--

SELECT pg_catalog.setval('public."Genero_ID_seq"', 2, true);


--
-- Name: Region_ID_seq; Type: SEQUENCE SET; Schema: public; Owner: SEVGomez
--

SELECT pg_catalog.setval('public."Region_ID_seq"', 360, true);


--
-- Name: RolFuncionalidades_ID_seq; Type: SEQUENCE SET; Schema: public; Owner: SEVGomez
--

SELECT pg_catalog.setval('public."RolFuncionalidades_ID_seq"', 8, true);


--
-- Name: Roles_ID_seq; Type: SEQUENCE SET; Schema: public; Owner: SEVGomez
--

SELECT pg_catalog.setval('public."Roles_ID_seq"', 3, true);


--
-- Name: TipoRegion_ID_seq; Type: SEQUENCE SET; Schema: public; Owner: SEVGomez
--

SELECT pg_catalog.setval('public."TipoRegion_ID_seq"', 2, true);


--
-- Name: Usuarios_ID_seq; Type: SEQUENCE SET; Schema: public; Owner: SEVGomez
--

SELECT pg_catalog.setval('public."Usuarios_ID_seq"', 5, true);


--
-- Name: VisitaTarea_ID_seq; Type: SEQUENCE SET; Schema: public; Owner: SEVGomez
--

SELECT pg_catalog.setval('public."VisitaTarea_ID_seq"', 19, true);


--
-- Name: Visita_ID_seq; Type: SEQUENCE SET; Schema: public; Owner: SEVGomez
--

SELECT pg_catalog.setval('public."Visita_ID_seq"', 8, true);


--
-- Name: Agencias PK_Agencias; Type: CONSTRAINT; Schema: public; Owner: SEVGomez
--

ALTER TABLE ONLY public."Agencias"
    ADD CONSTRAINT "PK_Agencias" PRIMARY KEY ("ID");


--
-- Name: Casos PK_Casos; Type: CONSTRAINT; Schema: public; Owner: SEVGomez
--

ALTER TABLE ONLY public."Casos"
    ADD CONSTRAINT "PK_Casos" PRIMARY KEY ("ID");


--
-- Name: Categorias PK_Categorias; Type: CONSTRAINT; Schema: public; Owner: SEVGomez
--

ALTER TABLE ONLY public."Categorias"
    ADD CONSTRAINT "PK_Categorias" PRIMARY KEY ("ID");


--
-- Name: Clientes PK_Clientes; Type: CONSTRAINT; Schema: public; Owner: SEVGomez
--

ALTER TABLE ONLY public."Clientes"
    ADD CONSTRAINT "PK_Clientes" PRIMARY KEY ("ID");


--
-- Name: EstadoCivil PK_EstadoCivil; Type: CONSTRAINT; Schema: public; Owner: SEVGomez
--

ALTER TABLE ONLY public."EstadoCivil"
    ADD CONSTRAINT "PK_EstadoCivil" PRIMARY KEY ("ID");


--
-- Name: EstadoVisitas PK_EstadoVisitas; Type: CONSTRAINT; Schema: public; Owner: SEVGomez
--

ALTER TABLE ONLY public."EstadoVisitas"
    ADD CONSTRAINT "PK_EstadoVisitas" PRIMARY KEY ("ID");


--
-- Name: Funcionalidades PK_Funcionalidades; Type: CONSTRAINT; Schema: public; Owner: SEVGomez
--

ALTER TABLE ONLY public."Funcionalidades"
    ADD CONSTRAINT "PK_Funcionalidades" PRIMARY KEY ("ID");


--
-- Name: Generos PK_Generos; Type: CONSTRAINT; Schema: public; Owner: SEVGomez
--

ALTER TABLE ONLY public."Generos"
    ADD CONSTRAINT "PK_Generos" PRIMARY KEY ("ID");


--
-- Name: Regiones PK_Regiones; Type: CONSTRAINT; Schema: public; Owner: SEVGomez
--

ALTER TABLE ONLY public."Regiones"
    ADD CONSTRAINT "PK_Regiones" PRIMARY KEY ("ID");


--
-- Name: RolFuncionalidades PK_RolFuncionalidades; Type: CONSTRAINT; Schema: public; Owner: SEVGomez
--

ALTER TABLE ONLY public."RolFuncionalidades"
    ADD CONSTRAINT "PK_RolFuncionalidades" PRIMARY KEY ("ID");


--
-- Name: Roles PK_Roles; Type: CONSTRAINT; Schema: public; Owner: SEVGomez
--

ALTER TABLE ONLY public."Roles"
    ADD CONSTRAINT "PK_Roles" PRIMARY KEY ("ID");


--
-- Name: TipoRegiones PK_TipoRegiones; Type: CONSTRAINT; Schema: public; Owner: SEVGomez
--

ALTER TABLE ONLY public."TipoRegiones"
    ADD CONSTRAINT "PK_TipoRegiones" PRIMARY KEY ("ID");


--
-- Name: Usuarios PK_Usuarios; Type: CONSTRAINT; Schema: public; Owner: SEVGomez
--

ALTER TABLE ONLY public."Usuarios"
    ADD CONSTRAINT "PK_Usuarios" PRIMARY KEY ("ID");


--
-- Name: VisitaTareas PK_VisitaTareas; Type: CONSTRAINT; Schema: public; Owner: SEVGomez
--

ALTER TABLE ONLY public."VisitaTareas"
    ADD CONSTRAINT "PK_VisitaTareas" PRIMARY KEY ("ID");


--
-- Name: Visitas PK_Visitas; Type: CONSTRAINT; Schema: public; Owner: SEVGomez
--

ALTER TABLE ONLY public."Visitas"
    ADD CONSTRAINT "PK_Visitas" PRIMARY KEY ("ID");


--
-- Name: __EFMigrationsHistory PK___EFMigrationsHistory; Type: CONSTRAINT; Schema: public; Owner: SEVGomez
--

ALTER TABLE ONLY public."__EFMigrationsHistory"
    ADD CONSTRAINT "PK___EFMigrationsHistory" PRIMARY KEY ("MigrationId");


--
-- Name: IX_Agencias_RegionID; Type: INDEX; Schema: public; Owner: SEVGomez
--

CREATE INDEX "IX_Agencias_RegionID" ON public."Agencias" USING btree ("RegionID");


--
-- Name: IX_Casos_CategoriaID; Type: INDEX; Schema: public; Owner: SEVGomez
--

CREATE INDEX "IX_Casos_CategoriaID" ON public."Casos" USING btree ("CategoriaID");


--
-- Name: IX_Casos_ClienteID; Type: INDEX; Schema: public; Owner: SEVGomez
--

CREATE INDEX "IX_Casos_ClienteID" ON public."Casos" USING btree ("ClienteID");


--
-- Name: IX_Clientes_EstadoCivilID; Type: INDEX; Schema: public; Owner: SEVGomez
--

CREATE INDEX "IX_Clientes_EstadoCivilID" ON public."Clientes" USING btree ("EstadoCivilID");


--
-- Name: IX_Clientes_GeneroID; Type: INDEX; Schema: public; Owner: SEVGomez
--

CREATE INDEX "IX_Clientes_GeneroID" ON public."Clientes" USING btree ("GeneroID");


--
-- Name: IX_Clientes_RegionID; Type: INDEX; Schema: public; Owner: SEVGomez
--

CREATE INDEX "IX_Clientes_RegionID" ON public."Clientes" USING btree ("RegionID");


--
-- Name: IX_Funcionalidades_PadreID; Type: INDEX; Schema: public; Owner: SEVGomez
--

CREATE INDEX "IX_Funcionalidades_PadreID" ON public."Funcionalidades" USING btree ("PadreID");


--
-- Name: IX_Regiones_PadreID; Type: INDEX; Schema: public; Owner: SEVGomez
--

CREATE INDEX "IX_Regiones_PadreID" ON public."Regiones" USING btree ("PadreID");


--
-- Name: IX_Regiones_TipoRegionID; Type: INDEX; Schema: public; Owner: SEVGomez
--

CREATE INDEX "IX_Regiones_TipoRegionID" ON public."Regiones" USING btree ("TipoRegionID");


--
-- Name: IX_RolFuncionalidades_FuncionalidadID; Type: INDEX; Schema: public; Owner: SEVGomez
--

CREATE INDEX "IX_RolFuncionalidades_FuncionalidadID" ON public."RolFuncionalidades" USING btree ("FuncionalidadID");


--
-- Name: IX_RolFuncionalidades_RolID; Type: INDEX; Schema: public; Owner: SEVGomez
--

CREATE INDEX "IX_RolFuncionalidades_RolID" ON public."RolFuncionalidades" USING btree ("RolID");


--
-- Name: IX_Usuarios_AgenciaID; Type: INDEX; Schema: public; Owner: SEVGomez
--

CREATE INDEX "IX_Usuarios_AgenciaID" ON public."Usuarios" USING btree ("AgenciaID");


--
-- Name: IX_Usuarios_RolID; Type: INDEX; Schema: public; Owner: SEVGomez
--

CREATE INDEX "IX_Usuarios_RolID" ON public."Usuarios" USING btree ("RolID");


--
-- Name: IX_VisitaTareas_VisitaID; Type: INDEX; Schema: public; Owner: SEVGomez
--

CREATE INDEX "IX_VisitaTareas_VisitaID" ON public."VisitaTareas" USING btree ("VisitaID");


--
-- Name: IX_Visitas_CasoID; Type: INDEX; Schema: public; Owner: SEVGomez
--

CREATE INDEX "IX_Visitas_CasoID" ON public."Visitas" USING btree ("CasoID");


--
-- Name: IX_Visitas_EstadoVisitaID; Type: INDEX; Schema: public; Owner: SEVGomez
--

CREATE INDEX "IX_Visitas_EstadoVisitaID" ON public."Visitas" USING btree ("EstadoVisitaID");


--
-- Name: IX_Visitas_UsuarioID; Type: INDEX; Schema: public; Owner: SEVGomez
--

CREATE INDEX "IX_Visitas_UsuarioID" ON public."Visitas" USING btree ("UsuarioID");


--
-- Name: Agencias FK_Agencias_Regiones_RegionID; Type: FK CONSTRAINT; Schema: public; Owner: SEVGomez
--

ALTER TABLE ONLY public."Agencias"
    ADD CONSTRAINT "FK_Agencias_Regiones_RegionID" FOREIGN KEY ("RegionID") REFERENCES public."Regiones"("ID") ON DELETE CASCADE;


--
-- Name: Casos FK_Casos_Categorias_CategoriaID; Type: FK CONSTRAINT; Schema: public; Owner: SEVGomez
--

ALTER TABLE ONLY public."Casos"
    ADD CONSTRAINT "FK_Casos_Categorias_CategoriaID" FOREIGN KEY ("CategoriaID") REFERENCES public."Categorias"("ID") ON DELETE CASCADE;


--
-- Name: Casos FK_Casos_Clientes_ClienteID; Type: FK CONSTRAINT; Schema: public; Owner: SEVGomez
--

ALTER TABLE ONLY public."Casos"
    ADD CONSTRAINT "FK_Casos_Clientes_ClienteID" FOREIGN KEY ("ClienteID") REFERENCES public."Clientes"("ID") ON DELETE CASCADE;


--
-- Name: Clientes FK_Clientes_EstadoCivil_EstadoCivilID; Type: FK CONSTRAINT; Schema: public; Owner: SEVGomez
--

ALTER TABLE ONLY public."Clientes"
    ADD CONSTRAINT "FK_Clientes_EstadoCivil_EstadoCivilID" FOREIGN KEY ("EstadoCivilID") REFERENCES public."EstadoCivil"("ID") ON DELETE CASCADE;


--
-- Name: Clientes FK_Clientes_Generos_GeneroID; Type: FK CONSTRAINT; Schema: public; Owner: SEVGomez
--

ALTER TABLE ONLY public."Clientes"
    ADD CONSTRAINT "FK_Clientes_Generos_GeneroID" FOREIGN KEY ("GeneroID") REFERENCES public."Generos"("ID") ON DELETE CASCADE;


--
-- Name: Clientes FK_Clientes_Regiones_RegionID; Type: FK CONSTRAINT; Schema: public; Owner: SEVGomez
--

ALTER TABLE ONLY public."Clientes"
    ADD CONSTRAINT "FK_Clientes_Regiones_RegionID" FOREIGN KEY ("RegionID") REFERENCES public."Regiones"("ID") ON DELETE CASCADE;


--
-- Name: Funcionalidades FK_Funcionalidades_Funcionalidades_PadreID; Type: FK CONSTRAINT; Schema: public; Owner: SEVGomez
--

ALTER TABLE ONLY public."Funcionalidades"
    ADD CONSTRAINT "FK_Funcionalidades_Funcionalidades_PadreID" FOREIGN KEY ("PadreID") REFERENCES public."Funcionalidades"("ID");


--
-- Name: Regiones FK_Regiones_Regiones_PadreID; Type: FK CONSTRAINT; Schema: public; Owner: SEVGomez
--

ALTER TABLE ONLY public."Regiones"
    ADD CONSTRAINT "FK_Regiones_Regiones_PadreID" FOREIGN KEY ("PadreID") REFERENCES public."Regiones"("ID");


--
-- Name: Regiones FK_Regiones_TipoRegiones_TipoRegionID; Type: FK CONSTRAINT; Schema: public; Owner: SEVGomez
--

ALTER TABLE ONLY public."Regiones"
    ADD CONSTRAINT "FK_Regiones_TipoRegiones_TipoRegionID" FOREIGN KEY ("TipoRegionID") REFERENCES public."TipoRegiones"("ID") ON DELETE CASCADE;


--
-- Name: RolFuncionalidades FK_RolFuncionalidades_Funcionalidades_FuncionalidadID; Type: FK CONSTRAINT; Schema: public; Owner: SEVGomez
--

ALTER TABLE ONLY public."RolFuncionalidades"
    ADD CONSTRAINT "FK_RolFuncionalidades_Funcionalidades_FuncionalidadID" FOREIGN KEY ("FuncionalidadID") REFERENCES public."Funcionalidades"("ID") ON DELETE CASCADE;


--
-- Name: RolFuncionalidades FK_RolFuncionalidades_Roles_RolID; Type: FK CONSTRAINT; Schema: public; Owner: SEVGomez
--

ALTER TABLE ONLY public."RolFuncionalidades"
    ADD CONSTRAINT "FK_RolFuncionalidades_Roles_RolID" FOREIGN KEY ("RolID") REFERENCES public."Roles"("ID") ON DELETE CASCADE;


--
-- Name: Usuarios FK_Usuarios_Agencias_AgenciaID; Type: FK CONSTRAINT; Schema: public; Owner: SEVGomez
--

ALTER TABLE ONLY public."Usuarios"
    ADD CONSTRAINT "FK_Usuarios_Agencias_AgenciaID" FOREIGN KEY ("AgenciaID") REFERENCES public."Agencias"("ID") ON DELETE CASCADE;


--
-- Name: Usuarios FK_Usuarios_Roles_RolID; Type: FK CONSTRAINT; Schema: public; Owner: SEVGomez
--

ALTER TABLE ONLY public."Usuarios"
    ADD CONSTRAINT "FK_Usuarios_Roles_RolID" FOREIGN KEY ("RolID") REFERENCES public."Roles"("ID") ON DELETE CASCADE;


--
-- Name: VisitaTareas FK_VisitaTareas_Visitas_VisitaID; Type: FK CONSTRAINT; Schema: public; Owner: SEVGomez
--

ALTER TABLE ONLY public."VisitaTareas"
    ADD CONSTRAINT "FK_VisitaTareas_Visitas_VisitaID" FOREIGN KEY ("VisitaID") REFERENCES public."Visitas"("ID") ON DELETE CASCADE;


--
-- Name: Visitas FK_Visitas_Casos_CasoID; Type: FK CONSTRAINT; Schema: public; Owner: SEVGomez
--

ALTER TABLE ONLY public."Visitas"
    ADD CONSTRAINT "FK_Visitas_Casos_CasoID" FOREIGN KEY ("CasoID") REFERENCES public."Casos"("ID") ON DELETE CASCADE;


--
-- Name: Visitas FK_Visitas_EstadoVisitas_EstadoVisitaID; Type: FK CONSTRAINT; Schema: public; Owner: SEVGomez
--

ALTER TABLE ONLY public."Visitas"
    ADD CONSTRAINT "FK_Visitas_EstadoVisitas_EstadoVisitaID" FOREIGN KEY ("EstadoVisitaID") REFERENCES public."EstadoVisitas"("ID") ON DELETE CASCADE;


--
-- Name: Visitas FK_Visitas_Usuarios_UsuarioID; Type: FK CONSTRAINT; Schema: public; Owner: SEVGomez
--

ALTER TABLE ONLY public."Visitas"
    ADD CONSTRAINT "FK_Visitas_Usuarios_UsuarioID" FOREIGN KEY ("UsuarioID") REFERENCES public."Usuarios"("ID") ON DELETE CASCADE;


--
-- PostgreSQL database dump complete
--

